,city,latitude,longitude,time dt,timezone,temperature,humidity_perc,cloudiness_perc,wind_speed
0,khatanga,71.98,102.47,1561595030,25200,53,40,0,8.12
1,torbay,47.66,-52.73,1561594953,-9000,46.67,76,20,3.36
2,punta+arenas,-53.16,-70.91,1561595049,-10800,28.17,74,0,8.05
3,yellowknife,62.45,-114.38,1561595050,-21600,55.4,82,75,19.46
4,tasiilaq,65.61,-37.64,1561595051,-7200,44.6,81,100,1.12
5,grindavik,63.84,-22.43,1561595053,0,50.86,100,90,18.34
6,rikitea,-23.12,-134.97,1561594770,-32400,74.42,80,53,10.4
7,kapaa,22.08,-159.32,1561595055,-36000,80.1,74,75,11.41
8,barreirinhas,-2.75,-42.83,1561595056,-10800,73.88,90,100,3.62
9,cape+town,-33.93,18.42,1561595041,7200,51.48,93,90,6.93
10,ushuaia,-54.81,-68.31,1561594335,-10800,28.4,79,75,20.8
11,mahajanga,-15.72,46.32,1561595060,10800,71.6,83,20,4.7
12,iquitos,-3.75,-73.25,1561595061,-18000,75.2,94,0,2.13
13,nemuro,43.32,145.57,1561595063,32400,68,77,75,9.17
15,castro,-42.48,-73.76,1561595120,-14400,46.4,87,75,6.93
16,beyneu,45.32,55.19,1561595121,18000,75.14,43,0,7.23
17,bluff,-23.58,149.07,1561595122,36000,68.3,65,14,24.58
18,fairbanks,64.84,-147.72,1561595031,-28800,77.05,17,1,5.82
19,weihe,32.99,105.33,1561595125,28800,62.72,87,100,2.3
20,fare,-16.7,-151.02,1561595126,-36000,80.18,73,1,5.21
21,pevek,69.7,170.27,1561595127,43200,33.92,86,0,15.77
22,hermanus,-34.42,19.24,1561595129,7200,52.56,94,0,7.27
23,babu,23.23,104.89,1561595130,28800,67.4,93,77,2.55
24,tuatapere,-46.13,167.69,1561595131,43200,54,78,95,4
25,mataura,-46.19,168.86,1561595132,43200,54,78,8,4
27,cherskiy,68.75,161.3,1561595135,39600,65.96,34,52,11.5
28,sitka,37.17,-99.65,1561595136,-18000,88,48,48,18.01
29,arraial+do+cabo,-22.97,-42.02,1561595137,-10800,73.4,78,0,4.7
30,jamestown,-33.21,138.6,1561594767,34200,58.4,54,0,16.71
31,sechura,-5.56,-80.82,1561595140,-18000,65.6,85,2,14.9
32,bethel,60.79,-161.76,1561595141,-28800,64.85,72,90,23.04
33,saint+george,39.45,22.34,1561595143,10800,78.91,57,40,2.26
34,evans,40.38,-104.69,1561595144,-21600,84.65,25,1,9.17
35,baoqing,46.32,132.2,1561595145,28800,54.44,95,100,7.2
36,port+alfred,-33.59,26.89,1561595147,7200,59,88,83,5.01
37,lodja,-3.52,23.6,1561595148,7200,73.34,75,50,1.43
38,trelew,-43.25,-65.31,1561595149,-10800,47.96,50,32,20.98
39,hobart,-42.88,147.33,1561595029,36000,44.42,81,0,12.75
40,east+london,-33.02,27.91,1561595152,7200,57.5,60,71,10.85
41,hualmay,-11.1,-77.61,1561594938,-18000,62.9,84,7,13.13
42,bredasdorp,-34.53,20.04,1561594771,7200,47.79,93,0,3.36
43,vaitape,-16.52,-151.75,1561595155,-36000,80.54,72,0,6.11
44,new+norfolk,-42.78,147.06,1561595157,36000,44.42,81,0,12.75
45,fortuna,38.18,-1.13,1561595158,7200,75.16,78,0,1.12
46,raton,36.9,-104.44,1561595159,-21600,86.86,10,1,16.11
47,bonthe,7.53,-12.5,1561595161,0,77.3,90,99,6.76
48,ilebo,-4.33,20.59,1561595162,7200,71.54,54,50,1.16
49,harper,30.3,-99.24,1561595163,-18000,81.73,48,1,11.41
50,nome,30.04,-94.42,1561594878,-18000,82.15,70,1,4.7
51,sisimiut,66.94,-53.67,1561595166,-7200,38.42,85,18,31.23
52,hambantota,6.12,81.12,1561595167,19800,78.8,100,75,10.29
53,westerland,52.89,4.93,1561595168,7200,58.95,76,90,11.41
54,gushikawa,26.35,127.87,1561595169,32400,82.18,74,40,10.29
55,busselton,-33.64,115.35,1561595171,28800,50.56,47,26,31.5
56,kidal,18.44,1.41,1561595172,0,83.24,44,0,6.24
57,butaritari,3.07,172.79,1561594769,43200,83.6,73,56,11.32
58,atar,20.52,-13.05,1561594896,0,96.92,12,0,13.42
59,los+llanos+de+aridane,28.66,-17.92,1561595176,3600,66.52,68,20,13.87
60,goksun,38.02,36.5,1561595180,10800,80.6,74,0,10.29
61,dikson,73.51,80.55,1561595181,25200,33.92,92,100,18.12
62,atuona,-9.8,-139.03,1561594770,-34200,80.54,75,0,16.15
63,barrow,-38.31,-60.23,1561595184,-10800,51.74,33,100,20.24
64,peterhead,-34.83,138.5,1561595185,34200,61.14,54,0,14.99
66,san+patricio,-26.98,-56.83,1561595187,-14400,43.82,74,0,4.99
68,ponta+delgada,37.73,-25.67,1561595190,0,64.4,72,20,11.41
69,damaturu,11.75,11.96,1561595191,3600,81.98,61,100,10.49
71,lagoa,37.14,-8.45,1561595194,3600,62.24,82,0,6.93
72,sao+joao+da+barra,-21.64,-41.05,1561595195,-10800,75.2,83,0,9.17
74,aransas+pass,27.91,-97.15,1561595198,-18000,85.15,79,75,11.41
75,esperance,-33.86,121.89,1561595199,28800,55.4,87,40,14.99
76,nouadhibou,20.93,-17.03,1561595200,0,69.8,83,2,14.99
77,goderich,43.74,-81.71,1561595202,-14400,74.61,60,29,5.01
78,alofi,-19.06,-169.92,1561595203,-39600,77,73,75,14.99
79,zhezkazgan,47.8,67.71,1561595204,21600,70.64,66,89,10.2
80,provideniya,64.42,-173.23,1561595205,43200,51.8,93,90,13.42
81,vestmannaeyjar,63.44,-20.27,1561595210,0,52.28,97,100,13.18
82,albany,42.65,-73.75,1561595211,-14400,71.55,69,40,6.93
83,chuy,-33.69,-53.46,1561595212,-10800,45.62,78,62,7.92
84,itaqui,-29.13,-56.55,1561595214,-10800,44,61,0,6.31
85,port+shepstone,-30.74,30.45,1561595215,7200,53.36,93,24,6.2
86,pisco,-13.71,-76.2,1561595216,-18000,63.41,88,13,4.7
87,beringovskiy,63.05,179.32,1561595218,43200,52.64,75,91,3.87
88,longyearbyen,78.22,15.63,1561595219,7200,41,75,75,17.22
89,avarua,-21.21,-159.78,1561595100,-36000,75.2,73,49,3.36
90,eenhana,-17.48,16.34,1561595221,7200,62.6,29,0,3.36
91,marsh+harbour,26.54,-77.06,1561595223,-14400,83.96,75,0,13.13
92,lompoc,34.64,-120.46,1561595224,-25200,68.95,68,1,17.22
93,upernavik,72.79,-56.15,1561595225,-7200,34.46,87,0,11.25
94,egvekinot,66.32,-179.17,1561595174,43200,39.5,88,100,13.73
95,songjianghe,42.18,127.48,1561595228,28800,73.88,49,9,5.17
96,alibag,18.64,72.88,1561595229,19800,82.4,88,75,4.7
97,sabha,27.03,14.43,1561595191,7200,88.1,25,46,13.67
98,guerrero+negro,27.97,-114.04,1561595221,-21600,64.52,82,100,13.02
99,lujan,-46.57,-67.67,1561595232,-10800,38.42,73,78,10.47
100,booue,-0.09,11.94,1561595234,3600,69.38,89,85,1.86
101,ahipara,-35.17,173.16,1561595235,43200,57.99,100,0,1.99
102,andra,62.52,65.89,1561595236,18000,47.6,67,100,6.33
104,armizonskoye,55.95,67.67,1561595239,18000,45.44,89,11,3.06
106,marfino,56.07,37.56,1561595241,10800,56.44,100,20,2.24
107,puerto+madero,-34.61,-58.36,1561595242,-10800,50.67,58,0,13.87
108,kontagora,10.4,5.47,1561595244,3600,76.22,84,78,7.58
109,sao+filipe,14.9,-24.5,1561595245,-3600,74.6,85,0,23.91
110,yumen,40.29,97.04,1561595246,28800,65.42,53,60,18.86
111,northam,-31.65,116.67,1561595248,28800,53.6,87,75,8.05
112,arukutti,9.87,76.35,1561595249,19800,80.6,94,40,2.24
113,owando,-0.49,15.91,1561595250,3600,71.36,91,65,3.13
114,college,64.86,-147.8,1561595251,-28800,77.27,17,1,5.82
115,uruzgan,32.93,66.63,1561595253,16200,56.78,21,0,4.09
116,saint-philippe,45.36,-73.48,1561595254,-14400,71.22,69,75,5.82
117,mahebourg,-20.41,57.7,1561595255,14400,73.17,94,75,10.29
118,palmas,-10.18,-48.33,1561595257,-10800,77,65,0,6.93
119,kodiak,39.95,-94.76,1561595244,-18000,83.44,58,1,8.05
120,karasjok,69.47,25.52,1561595259,7200,51.8,62,99,34.45
121,kaitangata,-46.28,169.85,1561595260,43200,57,54,0,4
122,puerto+ayora,-0.74,-90.35,1561594769,-21600,76.14,65,20,20.8
123,coquimbo,-29.95,-71.34,1561595263,-14400,51.8,81,0,6.93
124,semnan,35.58,53.39,1561595264,16200,80.6,36,40,2.75
125,islahiye,37.03,36.63,1561595265,10800,79.72,74,0,10.29
126,ilulissat,69.22,-51.1,1561595258,-7200,42.8,75,0,5.82
127,vila+franca+do+campo,37.72,-25.43,1561595220,0,64.4,72,20,11.41
128,jinka,5.79,36.57,1561595269,10800,62.54,91,3,4.23
129,hilo,19.71,-155.08,1561595234,-36000,81.03,62,40,13.87
130,vangaindrano,-23.35,47.6,1561595271,10800,62.9,94,40,5.06
132,palanpur,24.17,72.44,1561595274,19800,86.66,66,100,7.63
133,zaraza,9.35,-65.33,1561595275,-14400,76.04,83,12,9.95
134,tecoanapa,16.99,-99.26,1561595276,-18000,86,74,75,3.36
135,diego+de+almagro,-26.39,-70.05,1561595278,-14400,46.16,84,0,1.52
136,vaini,15.34,74.49,1561594771,19800,78.02,89,85,2.59
137,atambua,-9.11,124.89,1561595280,28800,75.86,67,43,14.16
138,dunedin,-45.87,170.5,1561595281,43200,50.84,65,0,8.23
139,narsaq,60.91,-46.05,1561595283,-7200,48.2,87,90,6.93
140,ferrol,43.48,-8.23,1561595284,7200,61.09,88,29,2.39
142,ribeira+grande,38.52,-28.7,1561595286,0,65.24,75,56,16.73
143,ancud,-41.87,-73.83,1561595229,-14400,46.4,87,75,6.93
144,clonakilty,51.62,-8.87,1561595289,3600,61.27,82,20,17.22
145,flinders,-34.58,150.85,1561595290,36000,58.08,87,20,4.7
146,chabahar,25.29,60.65,1561595291,16200,78.92,88,0,1.03
147,ketchikan,55.34,-131.65,1561595021,-28800,79.7,41,1,17.22
149,weinan,34.5,109.46,1561595295,28800,69.8,100,90,13.42
150,troitsko-pechorsk,62.71,56.19,1561595296,10800,46.52,72,2,0.74
151,bathsheba,13.22,-59.52,1561595298,-14400,82.4,69,40,20.8
152,mehkar,20.15,76.57,1561595299,19800,80.72,72,51,7.07
153,bilma,18.69,12.92,1561595300,3600,88.82,21,26,2.8
154,charters+towers,-20.07,146.27,1561595301,36000,66.32,65,28,11.16
155,broome,52.47,1.45,1561595303,3600,55.35,82,52,10.29
156,vao,59.1,26.19,1561595232,10800,54.62,97,100,4.94
157,hithadhoo,-0.6,73.08,1561595225,18000,83.42,74,64,8.84
158,mar+del+plata,-46.43,-67.52,1561595306,-10800,38.42,73,78,10.47
160,las+vegas,36.17,-115.15,1561595026,-25200,95.43,9,20,16.11
161,saskylakh,71.97,114.09,1561595221,32400,52.64,74,93,17.05
162,carutapera,-1.2,-46.02,1561595311,-10800,77.12,89,97,5.77
163,eldorado,-24.52,-48.11,1561595313,-10800,61.82,99,100,2.73
164,luorong,24.41,109.6,1561595314,28800,81.62,83,99,3.76
165,vulcan,50.4,-113.26,1561595315,-21600,69.31,44,0,8.19
166,lata,30.78,78.62,1561595317,19800,35,70,30,2.39
167,vardo,39.62,-77.74,1561595318,-14400,81.66,48,1,10.29
168,mazagao,-0.12,-51.29,1561595319,-10800,82.4,94,0,4.7
169,ust-nera,64.57,143.24,1561595321,36000,67.22,30,48,10.18
170,namibe,-15.19,12.15,1561595322,3600,65.06,81,100,13.65
171,tocopilla,-22.09,-70.2,1561595323,-14400,58.76,83,99,10.22
172,grand+gaube,-20.01,57.66,1561595324,14400,73.2,94,75,10.29
173,tiruchchendur,8.48,78.12,1561595326,19800,84.2,70,20,5.14
174,souillac,45.6,-0.6,1561595237,7200,77.61,65,0,8.05
175,paamiut,61.99,-49.67,1561595328,-7200,40.58,100,100,5.75
176,kruisfontein,-34,24.73,1561595237,7200,53.18,87,23,4.83
177,xichang,27.88,102.25,1561595331,28800,61.28,95,100,1.54
178,fort+saint+james,54.43,-124.25,1561595332,-25200,71,39,63,4.05
179,kaman,39.36,33.73,1561595333,10800,67.76,60,0,6.22
180,darhan,49.49,105.92,1561595335,28800,54.44,70,87,8.39
181,fort+nelson,58.81,-122.69,1561595336,-25200,60.8,67,90,9.17
182,cidreira,-30.17,-50.22,1561595212,-10800,46.88,59,0,2.55
183,ashland,38.48,-82.64,1561595042,-14400,84,69,1,5.19
185,salalah,17.01,54.1,1561595239,14400,82.4,94,90,6.93
188,kahului,20.89,-156.47,1561595345,-36000,81.07,88,75,10.29
189,manoel+urbano,-8.84,-69.26,1561595346,-18000,76.22,76,2,2.13
191,the+valley,18.22,-63.06,1561595102,-14400,81.99,74,40,6.93
192,liwonde,-15.05,35.2,1561595350,7200,59.84,90,91,6.38
193,semey,50.41,80.25,1561595351,21600,67.4,49,0,11.7
194,cockburn+town,21.46,-71.14,1561595352,-14400,81.98,80,31,16.4
196,palmer,-34.85,139.16,1561595355,34200,61.36,51,0,16.11
197,senanga,-16.1,23.3,1561595356,7200,54.8,47,0,5.41
198,pangnirtung,66.15,-65.72,1561594621,-14400,53,54,0,5.44
199,chokurdakh,70.62,147.9,1561595285,39600,65.24,33,9,13.49
200,severo-kurilsk,50.68,156.12,1561595228,39600,40.58,97,100,15.93
201,alpoyeca,17.67,-98.51,1561595361,-18000,67.04,92,95,5.1
202,mabaruma,8.2,-59.78,1561595362,-14400,72.44,96,42,2.3
203,mongu,-15.27,23.14,1561595363,7200,53.18,51,0,4.12
204,talnakh,69.49,88.39,1561595217,25200,46.4,57,0,8.95
205,zhigansk,66.77,123.37,1561595366,32400,72.98,50,0,8.72
206,ambon,47.55,-2.56,1561595367,7200,72.34,94,0,13.87
207,voyinka,45.87,33.99,1561595368,10800,73.52,58,0,13.22
208,iqaluit,63.75,-68.52,1561595370,-14400,44.24,75,20,8.05
209,pilar+do+sul,-23.81,-47.72,1561595371,-10800,61.1,98,100,2.71
210,cabo+san+lucas,22.89,-109.91,1561595336,-21600,85.48,31,5,11.41
211,tiksi,71.64,128.87,1561595091,32400,68.48,38,17,10.8
212,georgetown,6.8,-58.16,1561594947,-14400,81.41,78,75,11.41
213,yamada,36.58,137.08,1561595376,32400,81.61,61,75,14.99
214,slubice,48.73,14.32,1561595377,7200,70.25,69,0,9.17
216,brae,60.4,-1.35,1561595379,3600,51.8,87,93,8.05
217,aykhal,65.95,111.51,1561595381,32400,64.4,59,40,4.47
218,dhidhdhoo,6.88,73.1,1561595382,18000,82.88,79,100,12.91
219,poronaysk,49.22,143.1,1561595383,39600,54.98,58,18,11.92
220,opelousas,30.53,-92.08,1561595384,-18000,86.22,62,1,5.82
221,luderitz,-26.65,15.16,1561595223,7200,46.4,93,0,2.24
223,morro+bay,35.37,-120.85,1561595290,-25200,72.73,77,1,11.41
224,esso,55.93,158.7,1561595225,43200,48.32,60,96,9.04
226,makakilo+city,21.35,-158.09,1561595186,-36000,79.03,83,75,9.17
228,purpe,64.48,76.69,1561595394,18000,46,92,100,5.99
229,lavrentiya,65.58,-170.99,1561595395,43200,48.14,97,100,11.97
230,sibi,29.55,67.88,1561595397,18000,90.98,26,0,6.24
231,faanui,-16.48,-151.75,1561595398,-36000,80.54,72,0,6.11
232,sao+felix+do+xingu,-6.64,-51.99,1561595399,-10800,75.32,66,86,3.58
233,tuktoyaktuk,69.44,-133.03,1561595226,-21600,41,75,90,17.22
234,hovd,63.83,10.7,1561595402,7200,51.62,76,75,20.8
235,ponta+do+sol,-20.63,-46,1561595403,-10800,68.66,55,98,2.62
236,ostrovnoy,68.05,39.51,1561595405,10800,51.02,75,100,15.32
238,pabianice,51.66,19.36,1561595407,7200,76.84,65,0,4.7
239,olinda,-37.84,145.39,1561595408,36000,56.79,66,56,12.75
241,san+nicola,40.61,8.99,1561595411,7200,74.62,73,0,3.36
242,montague,46.17,-62.65,1561595264,-10800,63.37,55,75,10.29
243,maldonado,-34.91,-54.96,1561595414,-10800,46.4,75,0,4.7
244,port+elizabeth,39.31,-74.98,1561595415,-14400,81.28,69,1,6.78
245,kavaratti,10.57,72.64,1561595416,19800,82.88,77,75,15.82
246,skelleftea,64.75,20.95,1561595417,7200,52.79,62,98,11.41
247,lagunas,-5.23,-75.68,1561595419,-18000,75.68,86,2,2.55
248,boa+vista,2.82,-60.67,1561595158,-14400,80.6,78,40,5.82
249,lemon+grove,32.74,-117.03,1561595422,-25200,70.09,56,1,8.05
250,oranjestad,12.52,-70.03,1561595364,-14400,82.4,74,20,23.04
251,shache,38.42,77.24,1561595425,28800,69.02,41,34,2.51
252,denpasar,-8.65,115.22,1561595073,28800,73.4,88,40,5.82
253,kalmunai,7.42,81.82,1561595427,19800,75.68,76,100,2.8
254,nikolskoye,59.7,30.79,1561595251,10800,56.7,82,0,2.24
255,santa+cruz,36.97,-122.03,1561595315,-25200,69.94,68,1,11.41
256,weston,41.2,-73.38,1561595432,-14400,76.87,61,1,4.7
257,margate,-43.03,147.26,1561595433,36000,44.83,76,0,14.99
258,mehamn,71.03,27.85,1561595434,7200,45.62,89,100,16.51
259,victoria,5.28,115.24,1561595219,28800,81.39,88,75,2.24
260,nurota,40.56,65.69,1561595437,18000,73.4,40,26,6.02
262,sola,-3.17,33.8,1561595439,10800,68.66,68,100,3.78
263,ostrogozhsk,50.86,39.08,1561595441,10800,59.84,78,70,6.73
264,togur,58.36,82.83,1561595442,25200,65.24,74,79,10.87
265,qaanaaq,77.48,-69.36,1561595223,-10800,36.98,67,7,3.87
266,quesnel,52.98,-122.49,1561595444,-25200,60.8,72,90,8.05
267,ninghai,29.29,121.42,1561595446,28800,79.72,83,20,4.47
268,carnarvon,-30.97,22.13,1561595226,7200,40.04,45,0,4.97
269,sorland,67.67,12.69,1561595310,7200,47.96,87,98,17.9
270,norman+wells,65.28,-126.83,1561595449,-21600,60.8,38,20,10.29
272,lichuan,30.3,108.94,1561595452,28800,71.9,81,97,5.66
273,meulaboh,4.14,96.13,1561595453,25200,81.26,77,98,6.64
274,timizart,36.8,4.25,1561595454,3600,79.1,57,0,15.77
275,ukiah,39.15,-123.21,1561595456,-25200,65.97,37,1,6.93
276,renukut,24.22,83.04,1561595457,19800,85.4,65,100,4.63
277,pau+dos+ferros,-6.11,-38.21,1561595458,-10800,72.8,72,72,5.21
278,avera,33.19,-82.53,1561595459,-14400,79.25,65,1,3.36
279,nishihara,35.74,139.53,1561595461,32400,80.58,65,75,5.82
280,nanortalik,60.14,-45.24,1561595462,-7200,38.06,99,100,8.05
281,viterbo,42.42,12.1,1561595463,7200,72.39,83,0,4.7
282,herat,34.35,62.22,1561595464,16200,73.16,14,0,14.83
283,sabang,13.8,121.11,1561595335,28800,77.48,89,100,3.83
284,vero+beach,27.64,-80.4,1561595295,-14400,84,79,1,9.17
285,north+bend,43.41,-124.22,1561595468,-25200,55.17,93,90,4.7
287,airai,-8.93,125.41,1561595233,32400,73.88,58,30,3.09
288,haines+junction,60.75,-137.51,1561595472,-25200,61.1,56,98,1.99
289,abbeville,50.11,1.83,1561595473,7200,61.34,93,90,6.93
290,amahai,-3.31,129,1561595474,32400,77.84,83,83,12.41
291,matay,28.42,30.79,1561595476,7200,80.72,34,0,9.48
292,husavik,50.56,-96.99,1561595238,-18000,80.01,27,0,5.99
293,naryan-mar,67.67,53.09,1561595478,10800,48.14,68,100,7.16
294,rehoboth,-23.31,17.08,1561595479,7200,49.04,30,89,4.38
295,leh,34.16,77.58,1561595481,19800,27.44,56,16,3.76
296,mount+isa,-20.73,139.49,1561595482,36000,68,40,29,9.17
297,constanza,18.91,-70.74,1561595483,-14400,77,83,40,6.93
298,punta+alta,-27.46,-55.82,1561595484,-10800,50,57,0,5.82
299,segou,12.41,-12.29,1561595486,0,86,51,75,9.17
300,tokur,53.13,132.9,1561595487,32400,58.4,50,0,5.79
301,soyo,-6.13,12.37,1561595488,3600,73.7,78,2,9.26
302,lodwar,3.12,35.6,1561595489,10800,82.88,46,1,14.54
303,thompson,55.74,-97.86,1561595216,-18000,60.8,67,75,2.24
304,poso,-1.4,120.75,1561595492,28800,67.4,88,61,2.86
305,alice+springs,-23.7,133.88,1561595328,34200,53.6,37,0,7.11
306,sept-iles,50.2,-66.38,1561595442,-14400,54.82,100,90,9.17
307,tevaitoa,-16.78,-151.5,1561595496,-36000,80.18,73,1,5.21
308,abha,18.22,42.5,1561595497,10800,71.6,19,0,1.32
309,semporna,4.48,118.61,1561595498,28800,82.4,88,75,2.24
310,obregon,11.96,-85.96,1561595499,-21600,77.38,74,40,11.41
311,abalak,15.46,6.28,1561595501,3600,90.08,43,70,11.21
312,champerico,16.38,-93.6,1561595502,-18000,78.8,74,90,5.82
313,kanturk,52.18,-8.91,1561595503,3600,60.44,82,20,17.22
314,alamogordo,32.9,-105.96,1561595391,-21600,82.09,14,1,12.75
315,kauhajoki,62.43,22.18,1561595506,10800,54.5,100,90,3.29
316,laguna,16.17,-88.94,1561595507,-21600,84.2,79,40,4.7
317,opuwo,-18.06,13.84,1561595508,7200,45.98,81,28,1.39
319,visnes,59.36,5.22,1561595511,7200,52.36,93,64,13.87
320,kargasok,59.06,80.87,1561595239,25200,57.68,97,100,4.38
323,hasaki,35.73,140.83,1561595516,32400,80.19,78,75,9.17
324,deputatskiy,69.3,139.9,1561595228,36000,72.62,28,0,7.76
325,mizan+teferi,6.99,35.58,1561595518,10800,60.92,97,21,3.65
326,yatou,3.63,9.81,1561595519,3600,75.2,100,75,12.24
327,tomatlan,19.93,-105.25,1561595521,-18000,83.24,74,91,10.13
328,mapiripan,2.89,-72.13,1561595522,-18000,74.6,93,68,4.32
329,merauke,-8.49,140.4,1561595523,32400,78.2,82,92,20
330,banda+aceh,5.56,95.32,1561595524,25200,83.42,75,100,14.03
331,urengoy,65.96,78.37,1561595526,18000,49.04,60,100,12.77
332,bali,32.29,119.4,1561595527,28800,77.45,83,82,3.29
333,rancho+san+diego,30.59,-112.28,1561595529,-25200,92.5,25,88,7
334,nador,35.17,-2.93,1561595530,3600,71.56,78,90,3.36
335,hami,42.84,93.51,1561595531,28800,70.64,19,0,14.94
336,aklavik,68.22,-135.01,1561595242,-21600,53.6,37,75,12.75
337,batken,40.06,70.82,1561595534,21600,67.22,33,65,4.83
338,butler,41.43,-84.87,1561595535,-14400,83.28,69,1,4.41
339,dongsheng,29.72,112.52,1561595536,28800,80.36,70,66,3.53
340,isla+mujeres,21.23,-86.73,1561595538,-18000,86,70,40,8.05
341,boras,57.72,12.94,1561595539,7200,57.88,93,75,5.82
343,camabatela,-8.19,15.37,1561595541,3600,55.34,90,31,1.7
344,constitucion,23.99,-104.67,1561595543,-18000,85.51,9,40,12.75
345,henties+bay,-22.12,14.28,1561595544,7200,55.99,90,53,5.99
347,bar+harbor,44.39,-68.2,1561595546,-14400,56.8,100,90,3.36
348,manzanillo,19.05,-104.32,1561595548,-18000,84.2,79,75,11.41
349,santiago+del+estero,-27.8,-64.26,1561595428,-10800,50.84,38,0,8.55
350,porto+walter,-8.27,-72.74,1561595545,-18000,75.68,78,69,2.57
351,le+port,42.87,1.37,1561595552,7200,71.64,21,0,1.01
352,prince+rupert,54.32,-130.32,1561595553,-25200,62.6,77,1,6.93
355,cabedelo,-6.97,-34.84,1561595557,-10800,73.4,94,0,5.82
356,lorengau,-2.02,147.27,1561595268,36000,83.06,79,82,5.73
357,buchanan,5.88,-10.05,1561595560,0,77,94,75,6.93
358,carupano,10.67,-63.26,1561595364,-14400,73.88,86,8,2.39
359,erdenet,49.03,104.04,1561595562,28800,50.12,77,12,7.94
360,aberdeen,46.98,-123.82,1561595378,-25200,64.31,68,1,13.87
361,rio+grande,-32.03,-52.1,1561595565,-10800,42.92,74,0,2.15
362,dickinson,46.88,-102.79,1561595050,-21600,81.59,36,1,6.93
363,chapleau,47.85,-83.4,1561595567,-14400,69.8,49,20,8.05
364,tombouctou,16.77,-3.01,1561595569,0,92.24,30,0,21.21
365,portland,43.66,-70.25,1561595570,-14400,63.41,82,40,5.82
366,takoradi,4.89,-1.75,1561595215,0,73.88,94,77,4.52
367,vega+de+alatorre,20.03,-96.65,1561595572,-18000,80.54,79,96,3.4
368,marquette,46.54,-87.4,1561595574,-14400,74.5,49,2,4.79
369,dibulla,11.27,-73.31,1561595575,-18000,91.4,46,0,13.87
370,kloulklubed,7.04,134.26,1561595232,32400,75.2,94,90,12.75
371,saint-francois,46.42,3.91,1561595578,7200,65.19,83,0,3.02
372,umm+kaddadah,13.6,26.69,1561595579,7200,87.74,35,0,9.93
373,dawlatabad,36.41,64.91,1561595580,16200,74.42,17,0,4.07
375,sur,22.57,59.53,1561595583,14400,82.7,69,47,10.89
376,gorlice,49.66,21.16,1561595584,7200,71.38,78,17,6.22
377,arrifes,37.77,-25.7,1561595585,0,64.4,72,20,11.41
379,tautira,-17.73,-149.15,1561595588,-36000,83.41,74,75,9.17
380,matara,-3.48,29.48,1561595589,7200,50.66,89,51,0.67
381,miraflores,5.2,-73.14,1561595591,-18000,53.18,99,12,2.04
382,katsuura,33.93,134.5,1561595242,32400,74.17,100,75,24.16
383,agadir,30.42,-9.58,1561595593,3600,66.2,82,40,3.36
384,lasa,34.92,32.53,1561595594,10800,71.47,94,0,12.75
385,broken+hill,-31.97,141.45,1561595596,34200,59,51,0,16.11
386,katherine,-14.47,132.26,1561595597,34200,69.8,35,55,9.17
387,vallenar,-28.58,-70.76,1561595598,-14400,50.66,73,0,1.79
388,la+ronge,55.1,-105.3,1561595599,-21600,64.4,68,40,4.7
389,luwuk,-0.95,122.79,1561595601,28800,66.68,95,100,4.38
390,belmonte,40.36,-7.35,1561595216,3600,63,67,0,1.59
392,berlevag,70.86,29.09,1561595604,7200,45.8,86,97,17.87
393,richards+bay,-28.77,32.06,1561595346,7200,68.66,70,16,20.15
394,matou,23.33,107.58,1561595607,28800,80,88,94,3.36
395,mandali,33.75,45.55,1561595608,10800,93.14,8,0,6.98
396,phan+thiet,10.93,108.1,1561595550,25200,77.66,78,88,7.7
397,brejinho,-6.2,-35.36,1561595611,-10800,75.2,83,20,6.93
398,pacific+grove,36.62,-121.92,1561595424,-25200,68.95,68,75,10.29
399,caxito,-22.65,-42.51,1561595613,-10800,73.4,78,0,4.7
400,katobu,-4.94,122.53,1561595615,28800,78.74,71,3,7.76
401,bambous+virieux,-20.34,57.76,1561595616,14400,73.17,94,75,10.29
402,coahuayana,18.62,-100.35,1561595323,-18000,83.96,65,68,2.98
403,los+andes,-32.83,-70.6,1561595603,-14400,47.61,57,0,4.7
404,sidhi,24.41,81.88,1561595619,19800,85.58,63,58,10.87
405,raudeberg,61.99,5.14,1561595621,7200,48.49,76,100,3.36
406,presidente+dutra,-5.29,-44.49,1561595622,-10800,75.5,67,44,3.4
407,peniche,39.36,-9.38,1561595623,3600,60.08,93,40,1.12
408,port+lincoln,-34.72,135.86,1561595625,34200,60.56,60,33,30.6
409,sorong,-0.86,131.25,1561595626,32400,80.18,82,100,10.63
410,komatipoort,-25.43,31.96,1561595627,7200,52,91,29,2.77
411,burns+lake,54.23,-125.76,1561595628,-25200,68.12,37,57,7.07
413,gamba,28.28,88.52,1561595631,28800,41.66,74,83,2.33
414,kudahuvadhoo,2.67,72.89,1561595632,18000,81.98,75,64,1.28
415,tsagan+aman,47.57,46.72,1561595633,10800,70.1,48,13,6.44
416,araouane,18.9,-3.53,1561595635,0,99.26,7,0,6.24
417,roma,41.89,12.48,1561595424,7200,74.73,47,0,6.93
418,cayenne,4.94,-52.33,1561595637,-10800,77,94,81,2.24
419,yulara,-25.24,130.99,1561595638,34200,51.8,37,33,6.93
420,caravelas,-17.73,-39.27,1561595640,-10800,73.88,83,44,5.79
421,turi,40.92,17.02,1561595641,7200,76.35,69,0,4.7
422,waihi,-37.39,175.84,1561595642,43200,55.15,73,0,2.89
423,tutoia,-2.76,-42.27,1561595644,-10800,74.78,88,99,4.52
426,viedma,-40.81,-62.99,1561595235,-10800,54.62,48,66,24.61
427,saint-louis,16.03,-16.5,1561595649,0,78.8,83,0,11.41
428,bandiagara,14.35,-3.61,1561595650,0,93.2,44,0,9.17
429,la+crosse,43.8,-91.24,1561595651,-18000,78.85,50,1,5.82
430,tual,-5.67,132.75,1561595653,32400,78.56,85,57,21.54
431,lebu,8.96,38.73,1561595234,10800,62.6,72,75,3.36
432,kshenskiy,51.85,37.72,1561595655,10800,62,75,94,11.12
433,sambava,-14.27,50.17,1561595656,10800,65.6,87,0,3.33
434,huambo,-12.78,15.73,1561595658,3600,51.38,50,0,0.63
435,isangel,-19.55,169.27,1561595659,39600,80.6,74,75,3.36
437,elk+city,35.41,-99.4,1561595661,-18000,88.38,45,1,17.22
438,klaksvik,62.23,-6.59,1561595663,3600,48.2,100,24,9.17
439,portlethen,57.05,-2.13,1561595664,3600,50.16,87,0,5.82
440,yulin,38.3,109.75,1561595665,28800,63.26,84,100,3.49
442,tonantins,-2.86,-67.77,1561595668,-14400,74.24,96,51,2.19
443,muros,42.77,-9.06,1561595241,7200,60.1,100,20,1.12
444,vysokovsk,56.32,36.55,1561595670,10800,53.6,100,20,2.24
445,safford,32.83,-109.71,1561595396,-25200,94.89,8,75,12.75
446,dhari,21.33,71.03,1561595673,19800,81.62,80,0,8.9
447,khasan,42.43,130.64,1561595674,36000,73.34,69,86,5.41
448,durban,51.93,-101.44,1561595675,-18000,67.04,77,14,9.44
449,evensk,61.92,159.24,1561595676,39600,60.92,46,48,20.51
450,menongue,-14.66,17.68,1561595678,3600,52.82,47,0,5.39
451,bonavista,48.65,-53.11,1561595679,-9000,43,86,0,8.08
452,malartic,48.14,-78.13,1561595680,-14400,69.8,60,75,2.24
453,kilindoni,-7.91,39.67,1561595682,10800,78.74,75,45,22.21
454,dandong,40.12,124.37,1561595233,28800,73.16,56,64,2.98
455,upington,-28.46,21.24,1561595684,7200,41,44,0,6.2
456,honiara,-9.43,159.96,1561595685,39600,89.6,66,20,5.82
457,lashio,22.93,97.75,1561595687,23400,70.82,99,97,1.1
458,rocha,-34.48,-54.34,1561595503,-10800,44.18,76,33,10.04
459,marsabit,2.34,37.99,1561595689,10800,79.46,52,0,23.35
460,el+tarra,8.57,-73.09,1561595690,-18000,70.82,85,10,6.31
461,geraldton,49.72,-86.95,1561595230,-14400,73.4,43,75,11.41
462,srednekolymsk,67.46,153.71,1561595693,39600,71.18,28,48,18.75
463,la+sarre,48.8,-79.2,1561595560,-14400,70.1,59,96,5.95
464,iskateley,67.68,53.15,1561595695,10800,48.14,68,100,7.16
465,aksarka,66.56,67.8,1561595696,18000,46.52,69,100,6.51
466,sinop,42.03,35.15,1561595698,10800,71.9,87,0,7.54
467,tiznit,29.7,-9.73,1561595699,3600,67.04,89,1,17.27
468,san+cristobal,14.68,-86.92,1561595700,-21600,70.82,84,89,8.57
469,tupik,54.43,119.94,1561595702,32400,61.46,63,100,3.89
470,itarema,-2.92,-39.92,1561595703,-10800,75.32,83,45,7.11
471,zhuanghe,39.7,122.97,1561595704,28800,72.62,60,75,5.99
472,bali+chak,22.37,87.55,1561595706,19800,84.68,73,97,13.02
474,smithers,54.78,-127.17,1561595708,-25200,77,29,40,5.82
476,teguise,29.06,-13.56,1561595711,3600,71.6,73,20,11.41
477,san+juan,-31.54,-68.53,1561595714,-10800,46.34,28,21,9.82
478,novyy+urengoy,66.08,76.63,1561595715,18000,47.6,62,36,13.51
479,san+policarpo,12.18,125.51,1561595719,28800,80.72,80,97,3.6
480,pangody,65.85,74.49,1561595721,18000,46.34,70,78,14.52
481,benghazi,32.12,20.07,1561595678,7200,78.38,74,0,14.76
482,leningradskiy,69.38,178.42,1561595723,43200,36.26,82,56,13.38
483,high+level,58.52,-117.13,1561595724,-21600,75.2,31,75,9.17
484,huancavelica,-12.79,-74.97,1561595726,-18000,31.94,86,93,3.27
485,moerai,-22.43,-151.33,1561595727,-36000,73.16,81,89,8.75
487,ayr,-19.58,147.4,1561595729,36000,71.01,66,5,6.06
488,hirara,24.8,125.28,1561595731,32400,82.4,83,75,14.99
489,naze,5.43,7.07,1561595732,3600,72.26,98,100,3.49
490,lima,-12.06,-77.04,1561595628,-18000,62.6,82,20,3.36
492,salvador,-12.98,-38.48,1561595735,-10800,78.8,69,20,4.7
493,vincennes,48.85,2.44,1561595737,7200,71.4,83,4,10.29
494,valparaiso,41.47,-87.06,1561595236,-18000,83.64,48,1,5.82
495,ixtapa,20.71,-105.21,1561595739,-18000,80.94,88,90,5.82
496,sumenep,-7.02,113.87,1561595740,25200,75.86,81,48,6.2
497,puerto+del+rosario,28.5,-13.86,1561595742,3600,70.81,73,20,13.87
498,dicabisagan,17.08,122.42,1561595743,28800,80.72,81,84,2.35
499,puerto+escondido,15.86,-97.07,1561595744,-18000,86,70,40,3.36
500,samana,0.12,-76.97,1561595746,-18000,81.9,83,20,1.95
501,grande+prairie,55.17,-118.79,1561595747,-21600,66.2,55,75,5.82
502,andes,5.66,-75.88,1561595748,-18000,62.02,91,92,2.37
503,asmar,35.03,71.36,1561595749,16200,58.58,34,0,9.66
505,kapit,2.02,112.94,1561595752,28800,75.86,97,100,2.1
506,altay,47.83,88.13,1561595753,28800,54.08,47,98,5.28
507,flin+flon,54.77,-101.88,1561595754,-18000,66.2,59,75,5.82
508,hangu,33.53,71.06,1561595756,18000,78.8,50,20,4.7
509,yerbogachen,61.28,108.01,1561595757,28800,73.34,50,30,2.28
510,clyde+river,70.47,-68.59,1561595513,-14400,37.4,93,1,12.75
511,dingle,11,122.67,1561595759,28800,79.82,83,100,8.48
512,petropavlovsk-kamchatskiy,53.05,158.65,1561595542,43200,50,81,75,11.18
513,kincardine,44.18,-81.63,1561595762,-14400,74.48,58,4,16.89
514,auki,12.18,6.51,1561595763,3600,77.84,69,53,12.64
516,cururupu,-1.82,-44.87,1561595766,-10800,73.52,95,62,2.39
518,misratah,32.38,15.09,1561595768,7200,76.58,87,0,5.1
519,eden,-37.06,149.9,1561595769,36000,61.79,67,40,5.82
520,shitanjing,39.23,106.34,1561595771,28800,57.99,92,98,1.99
521,bundaberg,-24.87,152.35,1561595521,36000,74.12,60,40,24.16
522,poya,-21.35,165.16,1561595773,39600,71.54,87,100,13.94
523,notre-dame-du-lac,47.61,-68.8,1561595774,-14400,61.52,77,90,13.87
524,torres,-29.34,-49.73,1561595776,-10800,44.18,80,50,2.26
525,chornoliztsi,48.84,24.89,1561595777,10800,66.49,93,0,5.48
527,porto+tolle,44.95,12.32,1561595780,7200,76.05,65,0,4.7
528,isoka,-10.15,32.64,1561595781,7200,52.28,89,0,3.11
529,nacajuca,18.13,-93.02,1561595782,-18000,91.4,55,40,10.29
530,hun,50.34,4.87,1561595606,7200,63.18,82,0,12.75
531,qaqortoq,60.72,-46.03,1561595693,-7200,48.2,87,90,6.93
532,igrim,63.19,64.42,1561595786,18000,47.24,61,4,2.39
533,tateyama,36.66,137.31,1561595787,32400,80.6,61,75,14.99
534,baltasi,56.34,50.21,1561595788,10800,47.96,70,62,2.95
535,tezu,27.93,96.16,1561595790,19800,72.44,98,96,5.5
536,saldanha,41.42,-6.55,1561595214,3600,65.24,69,0,0.83
537,peace+river,56.23,-117.29,1561595792,-21600,64.4,55,75,12.75
538,novoagansk,61.94,76.66,1561595793,18000,50.12,92,100,22.01
539,robertsport,6.75,-11.37,1561595794,0,76.94,90,100,8.84
540,yecla,38.61,-1.12,1561595796,7200,74.62,57,0,8.05
541,thinadhoo,0.53,72.93,1561595797,18000,83.24,72,48,7.23
542,san+quintin,17.54,120.52,1561595798,28800,78.38,85,99,2.44
543,hailar,49.2,119.7,1561595800,28800,63.98,76,78,12.62
544,coihaique,-45.58,-72.07,1561595739,-14400,36.41,86,90,12.75
545,sosnovoborsk,56.12,93.34,1561595802,25200,69.8,68,0,4.47
546,vostok,46.45,135.83,1561595803,36000,58.4,99,100,3.11
547,pangkalanbuun,-2.68,111.62,1561595805,25200,75.86,96,72,3.18
548,robinson,39.01,-87.74,1561595806,-18000,80.11,94,90,3.36
549,celestun,20.87,-90.4,1561595807,-18000,83.06,77,89,27.34
550,marienburg,52.12,9.98,1561595809,7200,60.21,82,75,12.75
551,manjeshwar,12.72,74.89,1561595810,19800,75.2,94,75,6.93
552,cheyenne,41.14,-104.82,1561595789,-21600,80.29,27,1,4.7
553,cabimas,10.39,-71.44,1561595812,-14400,84.68,73,40,10.22
555,chimbote,-9.08,-78.59,1561595815,-18000,62.36,90,0,12.08
557,kaliua,-5.06,31.79,1561595817,10800,70.46,52,79,4
558,biak,-0.91,122.88,1561595819,28800,66.68,95,100,4.38
559,natal,-5.81,-35.21,1561595820,-10800,75.2,83,20,6.93
560,hamilton,43.26,-79.87,1561595587,-14400,77.81,50,20,8.05
562,aquiraz,-3.9,-38.39,1561595824,-10800,79.66,78,20,8.05
563,koutsouras,35.03,25.95,1561595825,10800,79,68,0,11.01
564,roald,62.58,6.12,1561595826,7200,47.17,100,99,4.7
565,moron,18.56,-74.26,1561595828,-14400,81.62,78,44,6.91
566,khatassy,61.91,129.64,1561595829,32400,73.4,46,0,4.47
567,pudozh,61.81,36.54,1561595830,10800,46.52,87,97,3.2
568,shenzhen,22.54,114.05,1561595665,28800,87.01,89,20,8.95
570,tonstad,58.66,6.71,1561595834,7200,52.32,76,75,9.17
571,mersing,2.43,103.84,1561595835,28800,76.58,80,68,2.48
573,delijan,33.99,50.69,1561595837,16200,78.02,18,0,4.72
574,rosetown,51.55,-107.99,1561595839,-21600,73.29,38,29,7
575,bulgan,48.81,103.53,1561595840,28800,49.22,75,30,8.86
576,binzhou,37.38,117.96,1561595841,28800,84.99,52,92,8.12
577,clinton,41.28,-72.53,1561595843,-14400,74.75,69,1,3.36
579,birjand,32.86,59.22,1561595845,16200,68,13,0,9.17
580,costinesti,43.95,28.63,1561595847,10800,68,94,0,9.17
581,udachnyy,66.42,112.4,1561595848,32400,64.4,59,40,4.47
582,oistins,13.07,-59.53,1561595849,-14400,82.4,69,40,20.8
583,tessalit,20.2,1.01,1561595850,0,93.68,9,4,10.31
584,umm+lajj,25.02,37.27,1561595852,10800,86.48,62,0,12.46
585,olga,34.11,-118.17,1561595853,-25200,71.92,77,40,14.99
586,dabola,10.74,-11.11,1561595854,0,71.72,92,96,1.95
587,greenwood,49.09,-118.68,1561595856,-25200,71.9,29,67,1.63
588,fatehpur+sikri,27.09,77.66,1561595857,19800,92.06,43,0,9.01
589,radchenko,56.68,36.37,1561595858,10800,49.4,97,31,2.35
590,timmins,48.48,-81.33,1561595595,-14400,75.2,44,75,11.41
591,atikokan,48.76,-91.62,1561595861,-18000,74.24,44,80,9.57
592,westport,41.14,-73.36,1561595862,-14400,76.41,57,1,3.71
593,aviles,43.55,-5.92,1561595864,7200,63.66,82,0,2.24
594,ulagan,50.63,87.96,1561595865,25200,45.44,70,84,3.76
595,tabou,4.42,-7.36,1561595866,0,73.88,94,96,4.74
596,rantoul,40.31,-88.16,1561595620,-18000,83.26,58,1,4.7
597,ofunato,39.11,141.75,1561595869,32400,71.6,78,75,2.24
598,sangmelima,2.93,11.98,1561595870,3600,66.32,99,96,2.82
599,port-gentil,-0.72,8.78,1561595649,3600,75.2,88,20,5.82
600,marica,-22.92,-42.82,1561595731,-10800,80.15,58,0,3.36
601,les+escoumins,48.35,-69.4,1561595874,-14400,60.38,89,45,3.51
602,inhambane,-23.87,35.38,1561595875,7200,59.84,96,0,2.68
603,aitape,-3.15,142.36,1561595876,36000,85.4,60,57,1.52
604,nuuk,64.17,-51.74,1561595877,-7200,48.2,93,100,14.99
605,camargo,27.69,-105.17,1561595879,-21600,95.66,12,2,10.02
607,batagay,67.65,134.64,1561595881,36000,81.44,25,0,2.51
608,paraibano,-6.43,-43.99,1561595882,-10800,72.26,71,93,1.74
609,bereda,43.27,-7.54,1561595884,7200,61.77,93,7,2.64
610,reitz,-27.8,28.43,1561595885,7200,45.26,67,59,8.37
612,davila,18.47,120.58,1561595887,28800,84.2,79,20,4.7
613,daru,-9.07,143.21,1561595889,36000,78.56,86,82,12.37
614,gimbi,8.81,37.79,1561595890,10800,54.44,93,63,3.33
615,kulhudhuffushi,6.62,73.07,1561595891,18000,82.88,78,68,11.63
616,ballater,57.05,-3.04,1561595893,3600,51.96,87,0,5.82
617,tefe,-3.35,-64.71,1561595860,-14400,73.7,96,26,2.62
618,baykit,61.68,96.39,1561595895,25200,70.64,54,93,3.38
619,kavieng,-2.57,150.8,1561595896,36000,84.14,72,89,8.25
620,kattivakkam,13.22,80.32,1561595898,19800,81.68,88,90,5.82
621,delano,35.77,-119.25,1561595693,-25200,88.79,19,1,10.29
622,terrace+bay,48.78,-87.1,1561595900,-14400,63.08,73,54,6.08
623,cooma,-36.24,149.13,1561595901,36000,35.6,100,90,10.29
624,saint+anthony,43.97,-111.68,1561595678,-21600,77.34,36,20,6.93
625,benjamin+constant,-4.38,-70.03,1561595904,-18000,77,83,90,8.05
626,canatlan,24.52,-104.78,1561595905,-18000,85.48,9,40,12.75
628,wadena,51.95,-103.8,1561595908,-21600,68.12,59,5,8.28
629,bend,44.06,-121.32,1561595909,-25200,61.92,30,1,8.05
630,krasnogorskoye,57.7,52.5,1561595910,14400,45.26,92,3,4.27
631,labuhan,-2.54,115.51,1561595912,28800,77.12,77,24,0.85
633,padang,-0.92,100.36,1561595914,25200,75.2,94,20,3.36
634,puerto+baquerizo+moreno,-0.9,-89.6,1561595915,-21600,73.4,88,40,14.99
635,huarmey,-10.07,-78.15,1561595917,-18000,63.26,86,13,14.97
636,alamosa,37.47,-105.87,1561595678,-21600,74.98,10,1,20.8
637,khor,47.88,134.96,1561595919,36000,55.52,86,100,7.72
638,cotonou,6.37,2.43,1561595920,3600,75.14,93,100,4.9
639,katangli,51.71,143.23,1561595922,39600,49.76,75,99,15.86
640,piacabucu,-10.41,-36.43,1561595923,-10800,75.14,88,21,9.48
642,leshukonskoye,64.9,45.76,1561595925,10800,48.32,67,93,5.26
643,chengde,40.97,117.93,1561595927,28800,74.96,47,100,5.32
644,yaan,7.38,8.57,1561595928,3600,72.98,97,100,7.76
645,balabac,7.99,117.06,1561595929,28800,85.22,71,100,13.76
646,sao+jose+da+coroa+grande,-8.9,-35.15,1561595931,-10800,71.54,96,80,3.83
647,ruthin,53.11,-3.31,1561595932,3600,53.53,93,0,9.17
649,romanovo,56.49,40.39,1561595934,10800,51.74,96,94,4.56
650,dali,34.79,109.94,1561595936,28800,73.88,62,100,9.91
651,changli,30.54,105.42,1561595937,28800,69.92,95,100,2.35
652,san+carlos+de+bariloche,-41.13,-71.31,1561595938,-10800,41,80,40,18.34
653,chara,39.42,22.43,1561595912,10800,78.91,57,40,2.26
654,puri,-7.54,112.45,1561595941,25200,75.2,83,20,1.12
655,samarai,-10.62,150.67,1561595942,36000,77.3,91,66,6.67
657,baculin,7.45,126.58,1561595944,28800,77.12,81,100,1.74
659,pointe+michel,15.25,-61.38,1561595947,-14400,80.6,78,40,9.17
660,xunchang,28.45,104.71,1561595948,28800,71.9,98,100,2.46
661,rawson,-43.3,-65.11,1561595943,-10800,47.96,50,32,20.98
662,atasu,48.68,71.64,1561595951,21600,65.6,78,36,5.7
663,puerto+ayacucho,5.66,-67.63,1561595952,-14400,84.2,74,20,7.9
665,half+moon+bay,37.46,-122.43,1561595954,-25200,64.44,82,20,8.05
666,killybegs,54.63,-8.45,1561595956,3600,51.01,88,0,5.01
667,aswan,24.09,32.9,1561595957,7200,96.8,16,0,8.05
668,bandarbeyla,9.49,50.81,1561595943,10800,78.38,64,84,27.94
669,kailua,21.39,-157.74,1561595900,-36000,79.16,74,40,9.17
670,astoria,46.19,-123.83,1561595961,-25200,63.19,63,75,12.75
672,codrington,-28.95,153.24,1561595955,36000,61.97,93,40,5.82
674,todos+santos,23.45,-110.23,1561595965,-21600,86.9,28,5,18.34
675,shu,43.6,73.76,1561595967,21600,69.2,36,0,7.07
677,werda,-25.27,23.28,1561595969,7200,55.88,66,63,15.39
678,port+blair,11.67,92.75,1561595818,19800,84.32,80,100,20.69
679,belaya+gora,68.54,146.19,1561595972,39600,68.3,22,33,14.7
680,linqiong,30.42,103.46,1561595973,28800,73.4,94,40,4.47
681,berezovka,55.71,42.61,1561595974,10800,54.44,98,100,4.61
682,juneau,58.3,-134.42,1561595719,-28800,79.81,41,75,9.17
683,taltal,-25.41,-70.49,1561595977,-14400,51.02,84,0,3.42
684,kjopsvik,68.1,16.37,1561595978,7200,47.39,81,95,9.17
685,port+moresby,-9.47,147.16,1561595918,36000,78.8,88,75,13.87
686,roebourne,-20.77,117.15,1561595980,28800,68.48,44,50,1.9
687,mittagong,-34.45,150.45,1561595982,36000,57.31,87,20,4.7
688,sobolevo,54.43,31.9,1561595983,10800,64.52,99,77,5.32
690,kununurra,-15.77,128.74,1561595966,28800,69.8,28,86,4.7
691,mao,19.55,-71.08,1561595783,-14400,80.55,83,40,6.93
692,marawi,8,124.29,1561595988,28800,81,81,100,5.01
693,marigot,18.23,-72.32,1561595989,-14400,85.98,62,40,2.24
694,saint-augustin,45.63,-73.98,1561595991,-14400,70.48,88,75,4.7
696,karratha,-20.74,116.85,1561595993,28800,68.12,51,67,3.15
697,ambanja,-13.68,48.45,1561595994,10800,77.66,72,59,4.23
699,riyadh,24.63,46.72,1561595751,10800,86,9,0,2.24
700,shingu,33.72,135.99,1561595998,32400,78.8,88,75,18.34
701,bubaque,11.28,-15.83,1561595999,0,80,77,2,9.78
702,mastic+beach,40.77,-72.85,1561595922,-14400,75.85,64,1,8.05
703,bangsund,64.4,11.39,1561596002,7200,49.95,80,100,18.99
704,woodward,36.43,-99.39,1561596003,-18000,88.36,38,1,14.99
705,santa+maria,-16.02,-48.01,1561596006,-10800,66.31,46,0,4.7
706,massakory,13,15.73,1561596007,3600,87.38,51,98,13.6
707,laranjal+paulista,-23.05,-47.84,1561596008,-10800,71.02,74,77,4
708,snasa,64.25,12.38,1561596010,7200,47.24,97,100,8.21
709,havre-saint-pierre,50.23,-63.6,1561596011,-14400,59,67,90,9.17
710,giyani,-23.32,30.73,1561595926,7200,54.98,91,12,2.82
712,marshall,32.54,-94.37,1561596015,-18000,78.55,69,90,5.82
713,maniitsoq,65.42,-52.9,1561595984,-7200,50.12,74,95,5.5
714,kaka,37.35,59.62,1561596017,18000,85.4,14,0,7.38
715,fuling,29.71,107.39,1561596018,28800,74.06,89,100,2.57
716,kirishi,59.45,32.01,1561596020,10800,57,99,55,2.95
717,itoman,26.12,127.67,1561596020,32400,82.18,94,40,5.82
718,binga,-17.62,27.34,1561596022,7200,55.88,65,18,1.68
719,lagos+de+moreno,21.36,-101.93,1561596024,-18000,73.38,44,75,4.7
720,three+hills,51.7,-113.27,1561595765,-21600,63.59,52,75,6.93
721,rudnogorsk,57.27,103.75,1561596025,28800,68.84,54,16,6.64
722,poitiers,46.58,0.34,1561596027,7200,75.38,65,0,3.36
723,lovington,32.94,-103.35,1561596029,-21600,88.21,33,19,18.34
724,hondo,29.35,-99.14,1561596030,-18000,83.73,62,1,14.99
725,batagay-alyta,67.8,130.41,1561596010,32400,65.96,41,30,2.39
726,nadvoitsy,63.89,34.27,1561596032,10800,53.72,71,100,5.59
727,bagdarin,54.44,113.59,1561596034,28800,50.12,95,99,2.98
728,waipawa,-39.94,176.59,1561596035,43200,46.99,91,0,3.18
729,hay+river,60.82,-115.79,1561595833,-21600,57.2,76,75,5.82
730,ishigaki,24.34,124.16,1561596036,32400,84.2,89,75,18.34
731,rivers,50.03,-100.23,1561596038,-18000,78.8,36,40,11.41
732,adrar,27.87,-0.29,1561595977,3600,93.2,7,0,6.93
733,khartoum,15.59,32.54,1561596041,7200,93.2,32,0,13.87
735,islamkot,24.7,70.18,1561596043,18000,83.42,75,0,16.93
736,general+roca,-39.03,-67.58,1561596045,-10800,51.8,62,20,6.93
737,chernyshevskiy,63.01,112.47,1561596046,32400,69.56,56,84,1.92
738,touros,-5.2,-35.46,1561595961,-10800,75.2,88,75,3.36
739,chifeng,42.27,118.96,1561595945,28800,75.32,47,100,6.67
740,yashkul,46.17,45.34,1561596049,10800,72.44,42,0,7.38
741,ilmajoki,62.73,22.58,1561596051,10800,54.52,93,40,3.36
742,toamasina,-18.17,49.38,1561596052,10800,69.8,88,75,11.41
743,mecca,21.43,39.83,1561596053,10800,89.72,32,43,5.97
745,thomasville,35.88,-80.08,1561596056,-14400,78.1,69,1,4.23
746,krasnoarmeysk,56.12,38.15,1561596057,10800,56.73,100,20,2.24
747,kaeo,-35.1,173.78,1561595935,43200,58.89,74,6,7
748,ust-ilimsk,57.96,102.73,1561596060,28800,68.3,54,69,7.05
749,soligalich,59.08,42.29,1561596061,10800,40.76,95,0,4.47
750,kropotkin,45.43,40.58,1561596062,10800,71.36,54,28,6.13
751,conway,35.09,-92.44,1561596008,-18000,86.07,55,1,3.36
752,sabzevar,36.21,57.68,1561596065,16200,68.84,23,0,2.55
754,vila,45.18,8.4,1561595988,7200,77.95,88,0,4.7
755,zenzeli,45.92,47.05,1561596068,14400,78.2,30,100,10.56
757,bennettsville,34.62,-79.68,1561596071,-14400,81.66,78,1,3.58
758,nara,34.68,135.8,1561596072,32400,76.98,74,75,3.36
759,athabasca,54.72,-113.29,1561596073,-21600,63.62,80,100,1.92
761,dyersburg,36.03,-89.39,1561596076,-18000,81.91,61,90,9.17
762,ahuimanu,21.44,-157.84,1561596077,-36000,79.16,74,40,9.17
763,zinder,13.81,8.99,1561596078,3600,89.18,35,37,8.52
764,kutum,14.2,24.66,1561596080,7200,79.1,41,27,5.17
765,batsfjord,70.63,29.72,1561596081,7200,46.16,84,99,14.47
766,staryy+oskol,51.3,37.84,1561596082,10800,61.82,72,67,9.35
767,beian,63.66,9.57,1561596084,7200,51.17,87,75,17.22
769,dombarovskiy,50.76,59.54,1561596086,18000,54.26,77,8,8.25
770,nyurba,63.29,118.35,1561595881,32400,73.88,56,74,0.67
771,ubinskoye,55.31,79.68,1561596088,25200,58.22,80,26,9.15
772,faya,18.39,42.45,1561595978,10800,71.6,19,0,0.43
773,sampit,-2.54,112.95,1561596091,25200,76.22,96,56,1.74
774,camacha,33.08,-16.33,1561595816,3600,67.23,77,20,10.29
776,ilam,33.64,46.42,1561596095,16200,77,9,0,2.24
777,melita,49.27,-100.98,1561596096,-18000,81,50,31,1.99
778,ossora,59.24,163.07,1561596097,43200,55.88,55,97,6.02
779,bideford,51.02,-4.21,1561596098,3600,59.47,87,20,6.93
780,vanimo,-2.67,141.3,1561596100,36000,82.16,73,29,2.57
781,hai+duong,20.94,106.32,1561596101,25200,85.91,74,0,2.24
782,svetlogorsk,53.14,59.15,1561596102,18000,44.6,93,20,4.47
783,bilibino,68.06,166.44,1561596051,43200,59.66,37,41,11.61
784,evanton,57.66,-4.34,1561596105,3600,51.62,93,3,10.29
785,bowen,-20.01,148.25,1561595975,36000,68.86,77,90,10.29
786,podporozhye,60.91,34.16,1561596107,10800,47.6,89,66,1.95
788,rioja,-6.06,-77.17,1561596110,-18000,50.12,96,62,1.39
791,maragogi,-9.01,-35.22,1561596113,-10800,71.54,96,80,3.83
792,tubinskiy,52.89,58.22,1561596115,18000,44.6,93,20,4.47
793,belyy+yar,53.6,91.39,1561596116,25200,59,82,0,4.47
794,tadine,-21.55,167.88,1561596117,39600,72.08,89,100,16.73
795,khilok,51.36,110.46,1561596118,32400,55.16,82,80,2.57
796,kalabo,-15,22.67,1561596120,7200,54.44,51,0,4.27
797,upata,8.02,-62.41,1561596049,-14400,82,74,55,3
798,vesoul,47.62,6.16,1561596122,7200,71.26,88,0,4.03
799,kargil,34.56,76.13,1561596123,19800,39.32,56,0,4.47
801,byron+bay,-28.65,153.62,1561595944,36000,63.3,82,40,6.93
802,tura,64.27,100.22,1561595829,25200,68.84,62,100,2.26
803,chumikan,54.72,135.31,1561596052,36000,61.28,47,0,2.04
804,santa+isabel,-23.32,-46.23,1561596130,-10800,66.2,93,90,3.36
806,amarante+do+maranhao,-5.57,-46.74,1561596132,-10800,73.52,66,58,2.24
807,carira,-10.36,-37.7,1561596133,-10800,67.58,97,19,4.36
808,paragominas,-3,-47.35,1561595855,-10800,73.16,94,29,3.76
809,effingham,39.12,-88.54,1561596136,-18000,73.69,88,90,14.99
810,rotifunk,8.23,-12.68,1561596137,0,76.04,94,100,1.63
811,teya,21.05,-89.07,1561596138,-18000,89.29,55,40,9.17
812,shahr-e+babak,30.12,55.12,1561596140,16200,78.56,29,0,10.04
814,mollendo,-17.03,-72.02,1561596142,-18000,62.54,85,20,9.66
815,palembang,-2.99,104.76,1561596143,25200,75.2,100,20,3.36
816,yar-sale,66.83,70.83,1561596145,18000,46.34,74,80,4.25
817,luangwa,-15.62,30.4,1561596146,7200,58.4,82,0,4.47
818,yantal,56.85,105.25,1561596147,28800,66.5,57,0,5.17
820,williamsport,41.25,-77,1561596150,-14400,75.16,61,20,4.88
821,la+asuncion,-26.05,-65.39,1561596018,-10800,43.28,54,0,2.93
822,warrnambool,-38.38,142.48,1561596152,36000,55.36,93,33,7
823,doha,25.29,51.53,1561596129,10800,88.36,79,0,2.24
824,gao,16.28,-0.04,1561596155,0,89.72,38,57,19.73
825,tromso,69.65,18.96,1561595864,7200,45.9,87,90,13.87
827,niksar,40.59,36.95,1561596159,10800,56.06,96,1,4.27
828,dehloran,32.69,47.27,1561596160,16200,85.58,9,0,9.53
829,sibolga,1.74,98.78,1561595659,25200,81.62,78,97,7.87
831,maceio,-9.67,-35.74,1561596019,-10800,73.4,88,75,2.24
832,mananjary,-19.16,46.8,1561596165,10800,56.42,86,25,3.65
833,ranong,9.96,98.62,1561596166,25200,78.8,94,75,2.24
834,berestechko,50.36,25.12,1561596167,10800,71.01,72,18,11.25
835,lugo,43.01,-7.56,1561595904,7200,60.48,100,9,4
836,mwinilunga,-11.73,24.43,1561596054,7200,53,52,0,5.44
838,jalpan,19,-100.36,1561596172,-18000,64,89,63,5.01
840,saint-georges,46.12,-70.67,1561596175,-14400,69.64,80,47,4.81
841,aranos,-24.14,19.11,1561596176,7200,51.74,30,79,5.73
842,marsa+matruh,31.35,27.25,1561595938,7200,77,83,40,4.7
843,platteville,42.73,-90.48,1561595899,-18000,82.92,51,1,3.36
844,coos+bay,43.37,-124.22,1561596180,-25200,57.15,93,90,4.7
845,lewiston,44.1,-70.21,1561596080,-14400,63.43,82,90,5.82
847,tshikapa,-6.42,20.79,1561596183,7200,70.1,39,54,2.3
848,yeppoon,-23.13,150.74,1561595981,36000,69.8,73,75,11.41
849,poum,41.28,20.71,1561595972,7200,58.22,86,0,4.07
850,monterey,36.6,-121.89,1561596187,-25200,68.16,72,90,5.82
851,port+hardy,50.7,-127.42,1561595777,-25200,66.2,59,40,9.17
852,san+juan+bautista,-26.67,-57.15,1561596190,-14400,45.98,70,0,4.99
853,boquira,-12.82,-42.73,1561596191,-10800,71.9,43,58,7.27
855,karaj,35.81,51.01,1561596193,16200,79.18,24,40,4.7
857,tepoztlan,18.98,-99.1,1561596196,-18000,66.29,61,90,8.05
859,bambanglipuro,-7.95,110.28,1561596198,25200,76.4,79,100,13.47
860,port+macquarie,-31.43,152.91,1561595979,36000,62.49,77,75,6.93
861,staroshcherbinovskaya,46.63,38.66,1561596201,10800,73.52,62,6,16.24
862,pamulang,-6.34,106.74,1561596202,25200,76.8,78,0,2.77
863,alta,69.97,23.27,1561596203,7200,51.8,62,75,13.87
864,port+hawkesbury,45.62,-61.36,1561595922,-10800,54.5,66,100,6.93
865,bodo,5.91,-4.68,1561596206,0,73.16,95,96,3.24
866,jawhar,19.91,73.23,1561596210,19800,81.44,80,94,2.91
867,jaisalmer,26.91,70.91,1561596011,19800,86.3,58,0,20.89
868,sinnamary,5.38,-52.96,1561596213,-10800,80.36,83,58,17.38
869,port+hedland,-20.31,118.58,1561596033,28800,62.6,82,73,4.7
870,shimoda,34.7,138.93,1561595989,32400,77.49,88,75,12.75
872,olesno,50.88,18.42,1561596217,7200,77.4,61,0,8.05
873,strezhevoy,60.73,77.6,1561596219,25200,50,100,90,6.71
874,wattegama,7.35,80.68,1561596040,19800,72.26,86,83,4.09
875,murgab,37.5,61.97,1561596011,18000,78.8,36,0,4.7
876,muzaffarpur,26.12,85.39,1561596222,19800,82.4,78,90,5.82
877,hervey+bay,-25.3,152.85,1561596224,36000,74.16,60,40,24.16
878,nantucket,41.28,-70.1,1561596225,-14400,65.19,93,1,4.7
879,saraland,30.82,-88.07,1561596074,-18000,86.16,58,40,6.93
880,plyussa,58.42,29.37,1561596227,10800,53.36,89,95,5.08
881,vila+velha,-3.71,-38.6,1561595910,-10800,79.75,78,20,8.05
882,langholm,55.15,-3,1561596230,3600,46.87,93,0,5.82
883,cochabamba,-17.39,-66.16,1561596231,-14400,59,38,0,3.36
884,lahaina,20.87,-156.68,1561596232,-36000,80.76,88,75,10.29
885,chenzhou,25.81,113.03,1561596234,28800,81.44,78,100,2.39
886,sawakin,19.1,37.33,1561596235,7200,80.9,23,28,2.1
887,babati,-4.21,35.75,1561596236,10800,54.8,97,86,5.84
888,shahgarh,24.31,79.12,1561596237,19800,86.3,55,100,11.56
889,zaterechnyy,44.8,45.21,1561596239,10800,75.86,74,100,1.14
890,kabare,-1.65,29.38,1561596240,7200,56.24,98,94,1.66
891,tayshet,55.94,98.01,1561596241,28800,64.7,71,31,4.38
892,san+javier,-27.87,-55.13,1561596243,-10800,42.74,80,0,2.82
893,mahibadhoo,3.78,72.97,1561596244,18000,83.42,75,100,7.58
894,kuala+lipis,4.19,102.05,1561596245,28800,72.8,93,98,1.03
895,volchikha,52.02,80.36,1561596247,25200,62.54,61,2,10.13
896,vysokogornyy,50.1,139.13,1561596248,36000,59.12,38,6,4.38
897,harbour+breton,47.48,-55.8,1561596249,-9000,51.38,74,82,6.17
898,bull+savanna,17.89,-77.59,1561596250,-18000,84.5,78,100,6.15
899,nieuw+amsterdam,5.88,-55.08,1561595993,-10800,78.48,78,40,16.49
900,beatrice,40.27,-96.75,1561596014,-18000,83.03,66,1,9.17
901,lakatoro,-16.11,167.42,1561596254,39600,81.44,78,95,14.58
903,pandan,11.72,122.09,1561596257,28800,82.7,78,100,14.52
904,ambilobe,-13.19,49.05,1561596028,10800,71.18,88,84,3.24
905,vanavara,60.35,102.28,1561596259,25200,72.08,50,0,3.11
906,nchelenge,-9.35,28.74,1561596260,7200,59.84,60,35,8.21
907,blairmore,49.61,-114.44,1561596262,-21600,64.27,59,75,4.99
908,uyovu,-3.28,31.53,1561596263,10800,70.28,58,96,2.39
909,shuangcheng,45.37,126.3,1561596264,28800,77,65,0,13.42
910,boca+do+acre,-8.76,-67.39,1561596265,-14400,78.92,67,17,2.21
911,les+ponts-de-ce,47.42,-0.52,1561596267,7200,78.57,74,0,9.17
912,aksu,52.04,76.93,1561596268,21600,66.2,93,0,6.71
913,burriana,39.89,-0.08,1561596269,7200,69.67,88,31,2.24
914,ugoofaaru,5.67,73,1561596271,18000,83.24,75,100,10.6
915,kangaatsiaq,68.31,-53.46,1561596272,-7200,40.22,78,0,17.76
916,buala,-8.15,159.59,1561596215,39600,84.68,71,87,7
917,jutai,-1.71,-47.89,1561596274,-10800,73.88,95,71,3.49
918,kantabanji,20.47,82.92,1561596276,19800,78.74,76,63,4.52
919,ouagadougou,12.37,-1.53,1561596277,0,84.2,66,1,11.88
920,cap+malheureux,-19.98,57.61,1561596278,14400,73.22,94,75,10.29
921,ishinomaki,38.42,141.3,1561596279,32400,78.8,61,75,4.7
922,nizhniy+tsasuchey,50.52,115.13,1561596281,32400,61.64,83,81,8.9
923,yarim,14.3,44.38,1561596007,10800,73.7,62,100,3.58
924,kinlochleven,56.71,-4.97,1561596283,3600,50.31,91,0,1.34
925,big+bend,-26.79,31.94,1561596284,7200,53,92,7,3.94
926,xuanhua,40.61,115.04,1561596286,28800,71.72,61,100,5.03
927,ledyard,41.44,-72.02,1561596287,-14400,72.43,100,40,6.93
928,khandagayty,50.73,92.07,1561596288,25200,47.42,76,35,4.07
929,waddan,29.16,16.14,1561596290,7200,79.1,50,0,6.42
930,la+union,14.97,-89.29,1561596291,-21600,75.99,1,41,6.13
931,gobardanga,22.87,88.76,1561596292,19800,84.2,94,75,8.05
932,uhlove,44.82,33.6,1561596294,10800,71.54,55,0,7.9
933,dafeng,33.2,120.46,1561596295,28800,82,62,71,2.44
934,sonoita,31.68,-110.66,1561596296,-25200,96.91,17,1,10.29
935,keningau,5.33,116.16,1561596297,28800,80.31,74,75,5.82
936,burgeo,47.61,-57.61,1561596299,-9000,49.58,81,100,1.16
937,marzuq,14.4,46.47,1561595973,10800,83.42,15,94,3.49
939,pokhara,28.21,83.99,1561596302,20700,55.34,78,43,3.02
940,okhotsk,59.36,143.24,1561596304,36000,72.98,37,14,15.88
941,steamboat+springs,40.48,-106.83,1561596048,-21600,75.11,24,40,6.93
943,vitry-le-francois,48.73,4.58,1561596307,7200,72.18,65,0,6.93
944,beloha,-25.17,45.06,1561596034,10800,65.24,83,0,10.65
945,nueve+de+julio,-31.67,-68.39,1561596310,-10800,47.42,28,48,1.45
946,walvis+bay,-22.95,14.51,1561596311,7200,57.06,82,53,13.87
947,mbanza-ngungu,-5.25,14.87,1561596312,3600,64.16,86,74,3.91
948,macrohon,10.08,124.94,1561596314,28800,83.42,76,97,7.92
949,barra+do+garcas,-15.89,-52.26,1561596289,-14400,68.66,59,9,1.97
950,rundu,-17.91,19.77,1561595926,7200,51.8,50,0,2.24
951,west+bay,49.34,-123.21,1561596317,-25200,71.04,64,75,13.87
952,stratford-upon-avon,52.19,-1.71,1561596319,3600,53.65,87,90,11.41
953,porbandar,21.64,69.61,1561596162,19800,83.42,86,0,12.82
954,basco,40.33,-91.2,1561596024,-18000,82.08,78,1,4.7
955,yizheng,24.67,103.43,1561596322,28800,72.25,54,87,4.5
956,narasannapeta,18.42,84.04,1561596323,19800,81.26,82,76,2.66
957,santiago,16.69,121.54,1561595969,28800,79.64,83,92,1.03
958,domna,51.9,113.16,1561596326,32400,60.8,82,40,6.71
959,ballina,54.11,-9.15,1561596327,3600,51.75,88,0,4
960,muyezerskiy,63.93,31.65,1561596329,10800,50.3,79,97,5.1
961,chavakkad,10.53,76.05,1561596330,19800,80.6,94,40,2.24
962,muravlenko,63.79,74.5,1561596262,18000,49.22,59,100,17.52
963,popondetta,-8.77,148.24,1561596332,36000,76.04,66,33,4.23
964,san+rafael,-34.61,-68.33,1561596334,-10800,48.86,32,59,7.36
965,gwembe,-16.5,27.61,1561596335,7200,57.86,60,62,4.34
966,etropole,42.83,24,1561596337,10800,63.01,93,0,3.36
967,mufumbwe,-13.68,24.8,1561595917,7200,54.8,59,0,5.64
968,japura,-0.42,102.29,1561596339,25200,74.24,93,39,2.84
969,cabra,37.47,-4.43,1561595910,7200,72.75,60,74,6.93
970,santa+isabel+do+rio+negro,-0.41,-65.02,1561595935,-14400,74.42,98,11,2.98
971,kandrian,-6.21,149.55,1561596343,36000,83.06,72,75,9.8
972,meadow+lake,54.13,-108.44,1561596344,-21600,66.2,63,75,11.41
973,epe,52.18,7.04,1561596345,7200,60.62,82,75,9.17
974,savannah+bight,16.45,-85.85,1561596346,-21600,83.24,80,67,22.19
975,gizo,31.8,34.94,1561595983,10800,70.5,60,0,3.36
976,mana,13.03,5.27,1561596349,3600,88.82,44,74,7.36
977,khuzhir,53.19,107.35,1561596350,28800,57.32,74,2,1.36
978,bountiful,40.89,-111.88,1561596351,-21600,84.79,18,1,23.04
979,mahon,51.89,-8.4,1561596353,3600,61.25,87,40,21.92
980,harer,42.19,-111.17,1561596354,-21600,75.76,15,1,17.22
981,maple+creek,49.91,-109.46,1561596355,-21600,73.52,39,45,6.06
983,nizhniy+mamon,50.19,40.51,1561596358,10800,58.4,76,32,5.35
984,bima,-8.45,118.73,1561596359,28800,70.64,83,1,3.27
986,clarence+town,-32.59,151.78,1561596362,36000,59.86,93,20,5.82
987,saint-pierre,48.95,4.24,1561596363,7200,73.36,83,0,11.41
988,udala,43.08,-2.51,1561596364,7200,70.95,34,20,6.93
989,singkang,2.1,102.8,1561596366,28800,77,88,75,5.46
990,boston,42.36,-71.06,1561596276,-14400,67.69,88,40,4.7
991,ca+mau,9.18,105.15,1561596368,25200,80.36,85,95,9.66
992,trat,12.25,102.51,1561596369,25200,85.14,94,20,5.82
993,oranjemund,-28.55,16.43,1561595928,7200,54.98,77,0,9.13
994,pokrovsk,61.48,129.14,1561596372,32400,70.28,48,24,2.13
995,fuyang,32.89,115.81,1561596373,28800,79.64,68,91,6.91
996,skibotn,69.39,20.27,1561596374,7200,46.4,87,90,23.04
997,zlatograd,41.38,25.09,1561596286,10800,60.56,91,2,7.63
998,pasighat,28.06,95.33,1561596377,19800,70.46,99,100,3.98
999,lensk,60.71,114.91,1561596378,32400,69.2,59,0,8.08
1000,hoshcha,50.6,26.67,1561596379,10800,67.22,83,48,8.28
1001,taunggyi,20.78,97.03,1561596381,23400,69.2,93,100,5.99
1002,bafoulabe,13.81,-10.83,1561596382,0,95.66,28,96,9.46
1003,honningsvag,70.98,25.97,1561596383,7200,45.62,90,100,23.87
1004,kayerkan,69.35,87.76,1561596230,25200,46.4,48,0,8.95
1005,daniel+flores,9.34,-83.67,1561596386,-21600,70.28,93,100,0.89
1006,ulladulla,-35.36,150.48,1561596387,36000,53.35,87,20,4.7
1007,zeya,53.74,127.27,1561596388,32400,66.14,45,59,5.37
1008,cutro,39.04,16.98,1561596390,7200,69.8,100,20,3.36
1009,wewak,-3.55,143.63,1561596391,36000,83.24,72,100,1.16
1010,kedrovyy,56.17,91.82,1561596392,25200,69.8,68,0,4.47
1011,panuco,22.88,-102.54,1561596394,-18000,78.8,31,75,13.87
1012,onega,63.91,38.09,1561596395,10800,49.76,85,100,8.25
1013,aketi,2.74,23.78,1561596396,7200,69.02,97,73,0.6
1014,usinsk,66,57.56,1561596397,10800,48.86,83,68,6.6
1015,saquena,-4.67,-73.52,1561596399,-18000,76.76,79,2,2.15
1016,copiapo,-27.37,-70.33,1561596400,-14400,51.8,87,0,1.12
1017,saint-joseph,43.56,6.97,1561596031,7200,76.78,69,0,4.7
1018,botngard,63.77,9.81,1561596402,7200,51.64,87,75,17.22
1019,comodoro+rivadavia,-45.87,-67.48,1561596404,-10800,48.2,61,0,17.22
1020,lumeje,-11.56,20.78,1561596405,3600,56.6,47,0,4.21
1021,pimentel,-3.7,-45.5,1561596406,-10800,73.52,94,91,1.36
1022,homer,59.64,-151.54,1561595952,-28800,66.18,77,1,11.41
1023,amga,60.89,131.98,1561596409,32400,72.08,40,0,2.28
1024,uttaradit,17.63,100.1,1561596410,25200,80.6,83,75,5.82
1025,sol-iletsk,51.16,55,1561596411,18000,52.64,89,72,4.23
1026,orotukan,62.26,151.67,1561596413,39600,68.84,29,67,14.52
1027,quatre+cocos,-20.21,57.76,1561596414,14400,73.2,94,75,10.29
1028,panjab,34.38,67.02,1561596415,16200,42.02,38,0,5.91
1029,nicoya,10.15,-85.45,1561596416,-21600,84.2,58,40,12.75
1030,uglovoye,44.82,33.6,1561596294,10800,71.54,55,0,7.9
1031,dobre+miasto,53.99,20.4,1561596419,7200,64.88,92,58,15.41
1032,arlit,18.74,7.39,1561596117,3600,94.58,19,53,9.4
1033,paragould,36.06,-90.5,1561596421,-18000,73.94,100,65,10.29
1034,nguruka,-5.11,31.04,1561596423,10800,70.46,56,77,0.54
1035,road+town,18.42,-64.62,1561596424,-14400,81.23,83,40,8.05
1036,nalut,31.86,10.98,1561596425,7200,75.5,52,0,11.56
1037,nelson+bay,-32.72,152.14,1561596010,36000,60.39,93,20,5.82
1038,shelburne,44.08,-80.2,1561596428,-14400,75.13,47,1,6.93
1039,kokoda,-8.88,147.74,1561596429,36000,71.36,72,31,3.15
1040,banchory,57.05,-2.5,1561596430,3600,49.86,87,0,2.24
1041,abu+samrah,35.3,37.18,1561595972,10800,76.76,47,0,9.13
1042,taoudenni,22.68,-3.98,1561595965,0,98.54,7,0,11.74
1043,palana,59.08,159.95,1561595957,43200,50.66,72,92,13.69
1044,ambatondrazaka,-17.82,48.43,1561596435,10800,57.68,88,76,8.48
1045,hailey,43.52,-114.32,1561596436,-21600,73.4,28,40,5.82
1047,beihai,38.95,121.19,1561596439,28800,78.69,61,0,2.24
1048,morros,-2.87,-44.04,1561595910,-10800,78.8,88,20,3.36
1050,khakhea,-24.69,23.5,1561596442,7200,56.06,70,50,15.61
1051,wanning,48.64,13.53,1561596269,7200,71.67,73,0,8.05
1052,elizabeth+city,36.3,-76.22,1561595933,-14400,79.25,54,1,4.7
1053,mayor+pablo+lagerenza,-19.93,-60.77,1561596446,-14400,63.08,42,45,6.55
1055,hearst,49.69,-83.67,1561596448,-14400,68.3,63,67,11.92
1056,praia+da+vitoria,38.73,-27.07,1561596450,0,64.18,77,75,16.37
1057,moindou,-21.69,165.68,1561596451,39600,71.6,83,90,10.29
1058,qasigiannguit,68.82,-51.19,1561595971,-7200,42.8,75,0,5.82
1060,tawau,4.26,117.89,1561596455,28800,82.4,88,75,2.24
1062,correntina,-13.34,-44.63,1561596457,-10800,68.12,54,21,3.44
1063,zhuravka,48.23,37.37,1561596459,10800,60.92,74,23,3.44
1065,pangoa,-12.12,-73,1561596461,-18000,71.18,83,28,0.78
1066,ankazoabo,-22.29,44.51,1561595972,10800,59.48,81,0,3.85
1068,niesky,51.29,14.82,1561596465,7200,74.98,62,0,6.69
1069,mayumba,-3.44,10.65,1561595949,3600,73.7,79,32,9.15
1071,temba,-25.38,28.26,1561596468,7200,48.51,86,35,3
1072,rennes,48.11,-1.68,1561596469,7200,68.94,88,0,5.82
1073,korhogo,9.46,-5.63,1561596471,0,74.78,81,18,7.92
1074,ures,30.73,-112.95,1561596472,-25200,90.32,23,35,11.01
1075,umba,66.69,34.34,1561596473,10800,51.92,70,99,4
1076,yenagoa,4.92,6.26,1561596475,3600,73.16,98,100,3.47
1077,boende,-0.28,20.88,1561596476,3600,72.62,93,75,2.44
1078,zaraysk,54.76,38.88,1561596477,10800,55.99,84,100,1.59
1079,ewo,-0.88,14.81,1561596478,3600,74.24,76,16,8.55
1081,hazleton,40.96,-75.99,1561596481,-14400,72.66,88,1,3.71
1082,mwene-ditu,-7.01,23.45,1561596002,7200,67.94,45,2,4.29
1083,mabay,20.35,-76.78,1561596483,-14400,84.2,70,20,13.87
1084,solnechnyy,50.72,136.64,1561596485,36000,57.86,50,0,6.58
1085,novyy+urgal,51.07,132.56,1561596486,36000,59.84,60,100,4.99
1086,vendome,47.44,-0.57,1561596487,7200,78.13,74,0,9.17
1087,pampas,-12.4,-74.87,1561596488,-18000,39.5,94,31,4.34
1088,havoysund,71,24.66,1561595955,7200,44.6,93,75,27.51
1089,visby,57.64,18.3,1561596491,7200,60.58,93,90,8.05
1090,moba,-7.04,29.77,1561596492,7200,59.84,66,10,3.67
1091,guiyang,26.58,106.71,1561596493,28800,73.4,94,90,4.47
1092,kawalu,-7.38,108.21,1561596219,25200,68.12,95,98,3.06
1093,apucarana,-23.55,-51.46,1561596496,-10800,62.51,93,40,10.29
1094,jinxiang,35.07,116.31,1561596497,28800,87.01,47,100,7.74
1095,itapui,-22.23,-48.72,1561596498,-10800,69.01,65,100,5.01
1096,guaira,-24.09,-54.26,1561596500,-10800,53.18,95,55,2.28
1097,frankfort,38.2,-84.87,1561596313,-14400,82.74,69,1,4.85
1098,salinas,36.67,-121.66,1561596502,-25200,68.74,60,1,24.16
1099,tselinnoye,45.9,34.18,1561596504,10800,71,62,0,9.01
1100,dwarka,28.58,77.04,1561596505,19800,93.51,58,40,5.82
1101,antofagasta,-23.65,-70.4,1561595668,-14400,55.4,76,75,8.05
1102,ocho+rios,18.41,-77.1,1561596498,-18000,86,58,40,21.92
1103,nouakchott,18.08,-15.98,1561596322,0,86,48,8,17.22
1104,hunterville,-39.94,175.57,1561596510,43200,50.92,66,3,3
1105,camopi,3.17,-52.33,1561596511,-10800,72.44,98,95,2.33
1106,pilar,-34.46,-58.91,1561596512,-10800,50.02,61,0,6.93
1107,voyvozh,62.89,54.96,1561596514,10800,45.8,70,21,1.19
1108,tilichiki,60.47,166.1,1561596039,43200,55.16,59,99,6.02
1109,calama,-22.46,-68.93,1561596516,-14400,53.6,18,0,5.82
1110,praya,-8.71,116.27,1561596408,28800,73.4,88,20,2.24
1112,amot,59.57,7.99,1561596520,7200,57,62,2,5.82
1113,vung+tau,10.35,107.08,1561596521,25200,79.28,82,96,8.46
1114,kungurtug,50.6,97.53,1561596522,25200,42.74,96,99,2.35
1115,aplahoue,6.93,1.68,1561596523,3600,73.34,95,85,4.88
1116,ayan,38.23,44.7,1561595944,16200,55.7,62,0,2.51
1117,fortuna+foothills,32.66,-114.41,1561596526,-25200,98.11,8,1,13.87
1119,hofn,64.25,-15.21,1561595923,0,44,85,79,13.35
1121,mount+gambier,-37.83,140.78,1561595989,34200,55.4,71,14,12.75
1122,ejea+de+los+caballeros,42.13,-1.14,1561596532,7200,77.34,32,44,13.87
1123,apatity,67.57,33.4,1561596533,10800,50.3,89,100,7.18
1124,colesberg,-30.72,25.1,1561596535,7200,36.98,42,0,7.58
1125,acajutla,13.59,-89.83,1561596463,-21600,85.4,65,63,4.43
1126,lovendegem,51.1,3.61,1561596537,7200,61.07,87,0,12.75
1127,camacupa,-12.02,17.48,1561596538,3600,54.08,40,0,0.92
1128,sumter,33.92,-80.34,1561596540,-14400,79.59,88,1,4.32
1129,jiangyou,31.78,104.73,1561596541,28800,63.44,93,100,2.15
1130,seoul,37.57,126.98,1561596219,32400,75.34,73,75,4.7
1131,fukuma,33.77,130.47,1561596543,32400,77.23,88,75,21.92
1132,gorontalo,0.54,123.06,1561596305,28800,81.44,77,43,9.04
1133,zalantun,48,122.72,1561595951,28800,60.92,90,100,9.46
1134,eureka,40.8,-124.16,1561596547,-25200,60.44,59,75,6.93
1135,porto+velho,-8.75,-63.87,1561596549,-14400,77,83,75,2.24
1136,esmeraldas,-19.76,-44.31,1561596550,-10800,72.48,49,0,5.82
1137,quelimane,-17.88,36.89,1561596551,7200,66.2,88,20,3.36
1138,galion,40.73,-82.79,1561596552,-14400,82.08,51,1,4.7
1139,nuqui,5.71,-77.27,1561596554,-18000,80.6,88,75,8.3
1142,makinsk,52.63,70.42,1561596292,21600,49.76,92,100,7.16
1143,turayf,31.68,38.65,1561596558,10800,80.6,30,0,11.41
1144,loiza,18.43,-65.88,1561596560,-14400,80.87,78,20,8.05
1145,tsumeb,-19.25,17.72,1561596221,7200,55.16,31,34,3.47
1146,kiunga,-6.12,141.3,1561596562,36000,75.32,95,99,4.07
1147,lebanon,40.34,-76.42,1561596462,-14400,79.84,54,1,5.82
1148,port+augusta,-32.49,137.76,1561595981,34200,58.78,59,0,9.17
1149,guna,24.65,77.32,1561596566,19800,87.2,48,62,13.29
1150,kalangala,-0.32,32.29,1561596567,10800,70.64,75,100,5.32
1151,axim,4.87,-2.24,1561596212,0,76.94,88,100,10.78
1152,virginia+beach,36.85,-75.98,1561596324,-14400,80.22,65,1,7.49
1153,novochernorechenskiy,56.27,91.08,1561596571,25200,62.36,81,12,0.87
1155,lumphat,13.5,106.97,1561596573,25200,76.76,96,100,5.46
1156,zambezi,-13.55,23.12,1561596575,7200,54.62,55,0,4.38
1157,fereydunshahr,32.94,50.12,1561596576,16200,62.36,25,0,8.34
1158,sawtell,-30.38,153.1,1561596577,36000,62.51,82,76,12.75
1159,khorramshahr,30.43,48.18,1561596578,16200,92.19,23,0,6.93
1160,kuytun,54.34,101.51,1561596580,28800,60.38,89,96,1.3
1161,seredka,58.06,38.14,1561596581,10800,47.06,95,1,1.74
1162,old+saybrook,41.29,-72.38,1561596582,-14400,73.8,69,1,3.36
1163,lichinga,-13.3,35.25,1561596583,7200,59.66,74,9,4.05
1164,taree,-31.91,152.46,1561596585,36000,61.41,77,75,6.93
1165,balkanabat,39.51,54.36,1561596586,18000,90.8,26,35,16.31
1166,weihai,37.5,122.11,1561596587,28800,71.01,40,74,8.99
1167,buenaventura,3.89,-77.07,1561596589,-18000,80.54,85,45,11.34
1168,bom+jesus,-9.08,-44.36,1561596590,-10800,70.82,54,0,2.55
1169,ust-kuyga,70,135.55,1561596591,36000,79.64,24,0,2.24
1170,langsa,4.47,97.97,1561596549,25200,67.22,87,97,3.29
1171,yermakovskoye,53.28,92.4,1561596594,25200,56.24,84,81,1.77
1173,ayagoz,47.96,80.43,1561596596,21600,62.54,51,0,2.84
1174,russell,38.9,-98.86,1561596598,-18000,89.1,41,1,18.34
1175,awbari,26.59,12.77,1561596599,7200,88.64,20,7,15.08
1177,watertown,44.9,-97.12,1561596601,-18000,83.66,38,1,5.32
1178,gonen,33.12,35.65,1561596603,10800,70,86,0,3.13
1180,buraydah,26.33,43.97,1561596374,10800,82.4,32,0,3.36
1181,kushiro,43.11,144.15,1561596606,32400,66.2,77,75,8.05
1182,loreto,-23.27,-57.32,1561596468,-14400,53.54,79,0,3.56
1184,yibin,28.77,104.64,1561596613,28800,72.44,97,100,2.01
1185,varkkallai,8.73,76.71,1561596614,19800,80.6,88,40,3.36
1186,talcahuano,-36.72,-73.12,1561596616,-14400,55.4,93,90,16.11
1187,assare,-6.87,-39.88,1561596617,-10800,68.3,54,88,2.73
1188,mackenzie,55.34,-123.09,1561596521,-25200,77,25,1,9.17
1189,muli,28.08,109.56,1561596619,28800,73.16,83,80,2.64
1190,trincomalee,8.58,81.23,1561596621,19800,79.64,74,88,9.48
1191,cuenca,-2.9,-79,1561596488,-18000,62.6,67,75,10.29
1192,srivardhan,18.03,73.02,1561596623,19800,80.54,85,41,6.15
1193,ola,59.58,151.3,1561596624,39600,53.72,67,16,7.14
1194,san-pedro,4.75,-6.64,1561596378,0,71.72,98,97,3.13
1195,boffa,10.18,-14.04,1561596627,0,80,84,100,7
1196,chirnside,55.8,-2.21,1561596628,3600,48.38,93,0,6.93
1197,buta,2.79,24.73,1561596630,7200,68.84,98,76,1.05
1199,arecibo,18.47,-66.72,1561596632,-14400,79.97,83,75,9.17
1200,staryy+nadym,65.61,72.68,1561596633,18000,47.06,69,84,11.12
1201,chaohu,31.63,117.88,1561596635,28800,78.8,83,100,4.47
1202,bedesa,8.9,40.78,1561596636,10800,64.88,74,94,9.93
1205,tandil,-37.33,-59.14,1561596640,-10800,45.52,63,15,1.99
1206,sattahip,12.67,100.9,1561596641,25200,88.16,74,40,8.05
1207,las+margaritas,16.32,-91.98,1561596642,-18000,63.26,97,63,2.64
1208,benemerito+de+las+americas,16.52,-90.64,1561596643,-21600,69.92,99,89,1.36
1209,frontera,18.53,-92.64,1561596645,-18000,91.4,55,40,10.29
1210,mega,4.06,38.32,1561596646,10800,72.98,61,48,9.93
1211,kailahun,8.28,-10.57,1561596647,0,70.64,99,100,1.68
1212,sant+julia+de+loria,42.46,1.49,1561596649,7200,66.92,26,0,3
1213,eyl,7.98,49.82,1561596650,10800,78.2,64,68,28.07
1214,anloga,5.79,0.9,1561596651,0,76.76,86,72,8.5
1215,zhaotong,27.34,103.71,1561596218,28800,63.08,95,100,1.01
1216,straumen,63.87,11.3,1561596654,7200,51.66,76,75,20.8
1218,kasempa,-13.46,25.83,1561596656,7200,54.8,63,0,7.49
1219,sistranda,63.73,8.83,1561596657,7200,51.67,87,75,17.22
1220,santa+rosa,38.44,-122.71,1561596427,-25200,67.01,52,1,6.93
1221,mildura,-34.18,142.16,1561596661,36000,59.7,58,0,11.41
1222,colares,38.8,-9.45,1561596662,3600,60.82,93,20,3.36
1223,pachelma,53.33,43.32,1561596664,10800,56.6,86,100,6.53
1224,oktyabrskoye,56.73,85.44,1561596552,25200,63.81,72,0,4.47
1225,magadan,59.56,150.8,1561596617,39600,52.64,68,16,3.62
1226,sangar,63.92,127.47,1561596667,32400,73.34,45,0,1.23
1228,bonaventure,48.04,-65.49,1561596670,-14400,62.6,82,90,9.17
1229,borova,50.18,30.1,1561596671,10800,68.11,77,0,4.47
1230,taseyevo,57.22,94.9,1561596672,25200,70.1,62,79,2.19
1231,tenkodogo,11.78,-0.37,1561596673,0,85.76,53,3,9.31
1233,lubao,-5.39,25.75,1561596276,7200,71.72,44,37,2.75
1234,saint-denis,48.94,2.36,1561596439,7200,71.11,83,4,10.29
1235,kachug,53.96,105.89,1561596678,28800,56.78,90,95,1.19
1236,wairoa,-39.04,177.43,1561596680,43200,57.99,56,0,2.26
1237,jiblah,13.92,44.15,1561596681,10800,72.8,66,98,1.92
1238,morant+bay,17.88,-76.41,1561596682,-18000,86,58,40,21.92
1239,amapa,15.09,-87.97,1561596683,-21600,80.13,83,40,11.41
1240,point+fortin,10.16,-61.68,1561596685,-14400,79.93,78,20,8.05
1241,baie-comeau,49.22,-68.15,1561596605,-14400,62.29,87,90,10.29
1242,gisborne,-38.66,178.02,1561596687,43200,57.99,56,0,4.76
1244,mpika,-11.84,31.4,1561596690,7200,56.42,74,0,8.39
1245,hauterive,49.18,-68.27,1561596691,-14400,62.29,87,90,10.29
1246,cassilandia,-19.11,-51.73,1561596692,-14400,67.94,79,93,2.59
1247,yanji,42.89,129.5,1561596694,28800,77.12,48,67,2.8
1248,kendari,-3.99,122.52,1561596695,28800,77.12,79,20,1.43
1250,devrek,41.22,31.96,1561596697,10800,76.76,82,15,17.29
1251,kertosono,-7.59,112.11,1561596699,25200,74.06,79,13,13.82
1252,whitecourt,54.14,-115.68,1561596700,-21600,64.4,55,75,4.7
1253,goundam,16.42,-3.66,1561596701,0,98,23,0,19.66
1254,moussoro,13.64,16.49,1561596703,3600,90.26,45,100,17.16
1255,babayurt,43.6,46.78,1561596704,10800,72.44,70,100,0.81
1256,sarakhs,36.54,61.16,1561596706,16200,79.28,12,0,6.44
1257,skibbereen,51.55,-9.27,1561596707,3600,59,87,40,21.92
1259,lavumisa,-27.31,31.88,1561596709,7200,52.1,94,1,3.96
1260,ilhabela,-23.78,-45.36,1561596711,-10800,72.8,87,15,5.99
1261,manggar,-2.88,108.27,1561596712,25200,78.92,88,55,3.69
1262,remetea,46.74,22.35,1561596713,10800,68,94,9,8.05
1263,valdivia,-39.81,-73.25,1561596715,-14400,45.62,96,97,6.29
1264,clarksville,36.53,-87.36,1561596665,-18000,83.25,66,1,6.93
1265,itapuranga,-15.56,-49.95,1561596717,-10800,67.76,53,0,1.16
1266,pyaozerskiy,65.83,31.17,1561596718,10800,46.88,76,75,5.75
1268,boundiali,9.53,-6.48,1561596721,0,73.7,83,24,8.03
1270,ikom,5.96,8.72,1561596723,3600,71.9,97,98,1.86
1271,manavalakurichi,8.13,77.3,1561596685,19800,80.6,88,40,3.36
1272,long+beach,30.35,-89.15,1561596428,-18000,86.13,58,1,3.36
1274,ziniare,12.58,-1.3,1561596728,0,84.2,66,1,12.41
1275,xai-xai,-25.04,33.64,1561596730,7200,60.56,93,0,1.86
1276,santo+tomas,7.53,125.62,1561596731,28800,80.6,94,90,0.34
1277,santa+cruz+de+la+palma,28.68,-17.76,1561596732,3600,66.65,68,20,13.87
1278,ribeira+brava,32.65,-17.07,1561596734,3600,65.82,68,20,8.05
1279,kupang,-10.16,123.6,1561596674,28800,78.8,61,20,12.75
1280,kitimat,54.02,-128.69,1561596736,-25200,75.11,50,75,6.93
1281,quartucciu,39.25,9.18,1561596737,7200,75.2,73,0,5.82
1282,ovalle,-30.6,-71.2,1561596738,-14400,52.64,53,73,5.17
1283,barreiras,-12.14,-45,1561596740,-10800,67.4,60,36,0.63
1284,shawnee,35.33,-96.93,1561596582,-18000,86.41,66,1,6.93
1285,asyut,27.18,31.19,1561596220,7200,84.2,35,0,2.24
1286,north+platte,41.12,-100.77,1561596626,-18000,84.72,48,1,9.17
1287,siderno,38.28,16.3,1561596745,7200,76.26,78,20,4.7
1288,nadym,65.53,72.51,1561596746,18000,46.88,69,93,13.58
1289,namatanai,-3.66,152.44,1561596747,36000,81.8,78,45,12.91
1290,dudinka,69.41,86.18,1561596748,25200,46.4,52,0,8.95
1291,kisangani,0.52,25.21,1561596750,7200,69.56,97,25,1.59
1292,noumea,-22.28,166.46,1561596751,39600,71.6,83,90,10.29
1293,turan,52.15,93.92,1561596260,25200,53,85,24,1.36
1294,nueva+loja,0.08,-76.88,1561596753,-18000,72.98,97,2,1.95
1295,novokayakent,42.39,47.99,1561596755,10800,75.2,69,40,6.71
1296,richmond,49.16,-123.14,1561596756,-25200,69.08,52,1,5.82
1297,bonanza,14.03,-84.62,1561596758,-21600,72.8,96,89,3.27
1298,nokaneng,-19.66,22.19,1561596759,7200,54.98,41,16,1.39
1299,elbistan,38.2,37.19,1561596760,10800,64.52,69,0,6.02
1300,tuni,-16.67,-68.14,1561596761,-14400,41,20,0,5.82
1301,alexandria,43.97,25.33,1561596763,10800,69.74,84,5,4.14
1302,conde,-11.81,-37.61,1561596764,-10800,68.12,97,2,2.73
1303,rafai,4.95,23.92,1561596766,3600,67.4,98,93,0.92
1304,winnemucca,40.97,-117.74,1561596768,-25200,80.38,9,1,23.04
1305,pitimbu,-7.47,-34.81,1561596769,-10800,73.4,94,0,5.82
1306,scicli,36.79,14.7,1561596772,7200,71.6,64,0,3.36
1307,am+timan,11.04,20.28,1561596773,3600,77.84,75,100,3.8
1308,suntar,62.16,117.65,1561596283,32400,73.52,55,32,1.23
1309,tahe,52.34,124.71,1561596570,28800,63.26,51,100,6.24
1311,nantong,31.98,120.89,1561596778,28800,77.81,90,86,4.25
1312,gedo,9.01,37.45,1561596779,10800,57.5,96,23,0.96
1313,ipixuna,-1.76,-48.8,1561596780,-10800,80.6,83,40,11.41
1314,qarqin,37.41,66.03,1561596781,16200,80.9,16,0,6.55
1315,treinta+y+tres,-33.23,-54.39,1561596783,-10800,42.56,81,24,6.82
1316,kysyl-syr,63.9,122.77,1561596784,32400,69.2,58,4,5.53
1317,erzin,36.95,36.2,1561596785,10800,77.43,94,20,3.36
1318,dogondoutchi,13.64,4.03,1561596787,3600,90.08,46,42,7.4
1319,wuhu,31.35,118.43,1561596788,28800,77,83,20,2.24
1320,bahia+blanca,-38.72,-62.27,1561596594,-10800,55.34,27,100,19.53
1321,komsomolskiy,67.55,63.78,1561596790,10800,40.76,83,89,6.02
1322,jalu,29.03,21.55,1561596792,7200,79.28,61,0,9.33
1323,general+pico,-35.66,-63.75,1561596793,-10800,48.32,36,96,10.13
1324,mossendjo,-2.95,12.72,1561596794,3600,63.26,94,69,1.28
1325,gobabis,-22.45,18.97,1561596795,7200,60.8,25,63,8.05
1326,takhli,15.26,100.34,1561596797,25200,80.9,74,100,5.01
1327,batticaloa,7.71,81.69,1561596798,19800,75.68,76,100,2.8
1329,ortona,42.35,14.4,1561596800,7200,76.15,73,0,8.05
1330,trinidad,-14.83,-64.9,1561596748,-14400,58.58,85,52,3.36
1331,lufilufi,-13.87,-171.6,1561596803,46800,87.39,66,40,6.93
1332,teguldet,57.31,88.17,1561596804,25200,64.34,71,0,2.51
1333,omboue,-1.57,9.26,1561596806,3600,74.96,79,52,11.03
1334,sheridan,39.65,-105.03,1561596774,-21600,83.12,14,75,8.05
1335,verkhnevilyuysk,63.45,120.31,1561596808,32400,70.82,59,0,4.09
1336,cristalina,-16.77,-47.61,1561596809,-10800,64.88,50,0,1.83
1337,bandar-e+lengeh,26.56,54.88,1561596811,16200,87.8,84,0,8.81
1338,yingkou,40.67,122.24,1561596812,28800,75.5,63,84,15.97
1339,nemencine,54.85,25.48,1561596813,10800,66.36,100,81,4.7
1340,kostomuksha,64.59,30.6,1561596273,10800,50.3,63,100,2.46
1341,yanam,16.73,82.22,1561596816,19800,81.62,81,47,5.99
1342,ban+chang,12.72,101.05,1561596817,25200,87.69,74,40,8.05
1343,bolshoye+nagatkino,54.52,47.97,1561596818,14400,53.6,76,93,6.71
1344,yen+bai,21.7,104.87,1561596820,25200,80,75,74,1.12
1346,linxia,35.6,103.21,1561596272,28800,50.12,98,100,2.75
1347,dharangaon,21.01,75.27,1561596823,19800,83.6,67,96,11.05
1348,bulungu,-4.54,18.6,1561596825,3600,73.52,50,73,3.38
1349,allapalli,19.43,80.06,1561596826,19800,83.24,70,31,3.71
1351,banjar,-7.37,108.54,1561596459,25200,72.26,93,95,1.34
1352,badvel,14.74,79.07,1561596829,19800,81.26,65,100,11.39
1353,kabinda,-6.14,24.49,1561596831,7200,71.72,46,24,2.04
1354,limbazi,57.51,24.72,1561596832,10800,61.52,93,100,1.01
1356,nova+vicosa,-17.89,-39.37,1561596834,-10800,73.88,83,44,5.79
1357,abu+dhabi,24.47,54.37,1561596689,14400,90.75,67,0,3.36
1358,pahrump,36.21,-115.98,1561596837,-25200,92.93,5,1,16.11
1359,churapcha,62,132.43,1561596838,32400,72.62,37,0,3.38
1360,mareeba,-16.99,145.42,1561596839,36000,71.2,61,75,20.8
1361,deer+lake,49.18,-57.43,1561596841,-9000,60.3,59,75,5.82
1362,moranbah,-22,148.04,1561596619,36000,61.82,84,100,20.92
1363,presidencia+roque+saenz+pena,-26.79,-60.44,1561596792,-10800,46.88,58,0,5.93
1365,perevoz,55.6,44.54,1561596846,10800,53.9,99,100,3.96
1366,magdagachi,53.45,125.8,1561596847,32400,63.44,42,99,5.21
1367,mount+vernon,38.73,-77.1,1561596848,-14400,81.27,45,1,5.08
1368,conchas,-23.02,-48.01,1561596850,-10800,60.74,94,98,4.59
1370,moyobamba,-6.03,-76.97,1561596852,-18000,67.22,85,0,1.72
1372,salto,-23.2,-47.29,1561596855,-10800,73.29,44,0,2.24
1374,elko,40.83,-115.76,1561596741,-25200,78.42,14,20,13.87
1375,hongjiang,27.21,109.83,1561596858,28800,76.58,84,95,1.81
1376,te+anau,-45.41,167.72,1561596860,43200,44.72,79,9,2.06
1377,bangassou,4.74,22.82,1561596861,3600,69.56,89,88,1.34
1378,humaita,-24.93,-65.37,1561596862,-10800,42.51,81,0,8.05
1379,samarkand,39.65,66.98,1561596863,18000,71.6,40,15,6.93
1380,nichinan,31.65,131.31,1561596865,32400,78.73,78,75,13.87
1381,jarvenpaa,60.47,25.09,1561596866,10800,56.03,100,75,3.36
1382,channel-port+aux+basques,47.57,-59.14,1561596867,-9000,48.86,81,100,13.65
1384,cienfuegos,22.15,-80.44,1561596870,-14400,85.57,55,22,8.05
1385,trairi,-3.28,-39.27,1561596727,-10800,70.82,92,16,3.83
1386,batemans+bay,-35.71,150.18,1561596872,36000,52.14,71,61,1.01
1387,fethiye,36.62,29.12,1561596873,10800,75.07,94,0,2.24
1389,necochea,-38.55,-58.74,1561596876,-10800,46.99,59,42,11.99
1390,balkhash,46.84,74.98,1561596877,21600,76.76,31,5,1.99
1391,muisne,0.61,-80.02,1561596879,-18000,76.58,85,70,16.82
1392,labytnangi,66.66,66.39,1561596880,18000,38.96,85,53,4.74
1393,angoche,-16.23,39.91,1561596733,7200,64.34,96,21,4.88
1394,shenjiamen,29.96,122.3,1561596882,28800,73.34,90,83,1.48
1395,guiratinga,-16.35,-53.76,1561596883,-14400,72.26,58,65,1.61
1396,paliyad,22.26,71.56,1561596885,19800,83.6,75,49,14.12
1397,smidovich,48.6,133.81,1561596886,36000,56.96,76,100,18.54
1398,lokomotivnyy,53.01,60.57,1561596887,18000,49.04,97,0,4.63
1399,colon,10.22,123.75,1561596889,28800,84.2,74,90,8.05
1400,socorro,31.65,-106.3,1561596890,-21600,97.5,12,1,9.17
1401,san+joaquin,10.59,122.14,1561596891,28800,77.12,90,100,5.88
1402,cheremshan,54.66,51.51,1561596893,10800,46.88,83,54,1.1
1404,ziebice,50.6,17.04,1561596895,7200,73.71,65,0,6.93
1406,coolum+beach,-26.53,153.09,1561596897,36000,67.77,76,12,1.99
1407,vilhena,-12.74,-60.15,1561596626,-14400,75.32,64,35,2.33
